list,seen,title,alt,year,imdb,source
Movies to Watch Before You Die,TRUE,A Trip to the Moon,Le Voyage Dans La Lune,1902,tt0000417,https://v2.vidsrc.me/embed/tt0000417
Horrorible Night in,,the gore gore girls,,,,
Horrorible Night in,,city of the dead,,,,
Horrorible Night in,,The horde,,,,
Reccs & Suggests,,night on earth,,,,
What Up Doc,,"Knock Knock, It's Tig Notaro",,,,
Reccs & Suggests,,First man,,,tt1213641,
Horrorible Night in,,Mad God ,,,tt15090124,
Horrorible Night in,,The Lodge,,,,
Shows,,creep show,,,tt8762206,
Shows,,The terror,,,tt2708480,
Shows,,Severance,,,tt11280740,
Shows,,Ted lasoe,,,tt10986410,
Horrorible Night in,,His House,,,tt8508734,
Reccs & Suggests,,Oh Boy,A Coffee in Berlin,,tt1954701,
Horrorible Night in,,The Vanishing,,1988,tt0096163,
Reccs & Suggests,,Worlds greatest dad,,,,
Reccs & Suggests,,Phoenix,,2014,tt2764784,
Reccs & Suggests,,Arlington Road,,,tt0137363,
Reccs & Suggests,,The Gift,,,,
Reccs & Suggests,,The Overnight,,,,
Reccs & Suggests,,Back Country,,,tt2944198,
All About Berlin,,"One, Two, Three",,,tt0055256,
All About Berlin,,Sonnen alle,,,tt0177242,
All About Berlin,,Sonne und Beton,,,tt13273800,
NonCommital Series,,Humans,,,tt4122068,
What Up Doc,,Drunk stoned brilliant and dead National Lampoon,,,,
What Up Doc,,I know that voice,,,,
All About Berlin,,Tar,,,tt14444726,
Reccs & Suggests,,Pig,,,tt11003218,
NonCommital Series,,Generation kill,,,,
NonCommital Series,,Band of brothers,,,,
NonCommital Series,,Faulty towers,,,,
NonCommital Series,,Deadwood,,,,
NonCommital Series,,Derry girls,,,,
NonCommital Series,,Halt and Catch Fire,,,,
NonCommital Series,,Rome,,,,
NonCommital Series,,Father Ted,,,,
NonCommital Series,,Reservation dogs,,,,
NonCommital Series,,Barry,,2018,,
Shows,,Last of Us,,,,
NonCommital Series,,Succession,,,,
Weihnachten Vibes,,Aschen brodel ,,,,
Weihnachten Vibes,,dinner for one,,,,
What Up Doc,,Cowboy Poets,,,tt22694896,
Germane to German,,"Generation War: Our Mothers, Our Fathers",,,,
Horrorible Night in,,Crimes of the Future,,,,
NonCommital Series,,Rehearsal,,,,
All About Berlin,,Cycling the frame,,,,
Nostalgia Feels,,Short circuit ,,,,
Nostalgia Feels,,Clueless,,,,
Nostalgia Feels,,Grease,,,,
Nostalgia Feels,,Last action hero,,,,
Nostalgia Feels,,Twister,,,,
Nostalgia Feels,,Water world,,,,
Nostalgia Feels,,Stargate,,,,
Weihnachten Vibes,,NATIONAL LAMPOON'S CHRISTMAS VACATION,,,,
Weihnachten Vibes,,BLACK CHRISTMAS,,,,
Weihnachten Vibes,,THE MUPPET CHRISTMAS CAROL (199,,,tt0104940,
Weihnachten Vibes,,A CHARLIE BROWN CHRISTMAS,,,,
Weihnachten Vibes,,Trading Places,,,,
Weihnachten Vibes,,Batman Returns,,,,
Weihnachten Vibes,,While you were sleeping,,,tt0114924,
Weihnachten Vibes,,Christmas Carol,,,tt0216621,
Reccs & Suggests,,Pale Rider,,,tt0089767,
Reccs & Suggests,,Outlaw Josie Wales,,,tt0075029,
Horrorible Night in,,Puppet master ,,,,
Horrorible Night in,,Mom & Dad,,,tt5462326,
All About Berlin,,Christiane F.,,,tt0082176,
All About Berlin,,Counter part,,,tt4643084,
Germane to German,,Labyrinth of lies,,,tt3825638,
Germane to German,,The People Vs. Fritz Bauer,,,tt4193400,
Germane to German,,Deutschland 83,,,,
All About Berlin,,Babylon Berlin,,,,
TrueCrime About it,,Murder on the Cape,,,,
Reccs & Suggests,,Dark City,,,tt0118929,
What Up Doc,,The Legend of Boggy Creek,,,tt0068837,
What Up Doc,,D Tour: A Tenacious Documentary,,,tt1185237,
What Up Doc,,Encounters,,,tt28692332,
HisDoc,,Hannibal: The Man Who Hated Rome,,,tt0411465,
HisDoc,,Conquistadors,,,tt0291114,
HisDoc,,Napoleon,,,tt0266164,
HisDoc,,The Last Czars,,,tt7949606,
HisDoc,,They Shall Not Grow Old,,,tt7905466,
HisDoc,,The World at War,,,tt0071075,
HisDoc,,Cold War,,,tt0170896,
HisDoc,,Russia 1985-1999: TraumaZone,,,tt22059224,
SciDoc,,Walking with Monsters,,,tt0490048,
SciDoc,,Walking with Dinosaurs,,,tt0214382,
SciDoc,,Sea Monsters,,,tt0469006,
SciDoc,,Walking with Beasts,,,tt0286285,
SciDoc,,The Future Is Wild,,,tt0455253,
SciDoc,,The Planets,,,tt10394800,
SciDoc,,Planet Earth II,,,tt5491994,
SciDoc,,Blue Planet II,,,tt6769208,
SciDoc,,Frozen Planet II,,,tt9805678,
