List,Seen,Name,Year,IMDB
1000+ Movies to Watch Before You Die,true,A Trip to the Moon,1902,tt0000417
1000+ Movies to Watch Before You Die,true,The Great Train Robbery,1903,tt0000439
1000+ Movies to Watch Before You Die,false,The Birth of a Nation,1915,tt0004972
1000+ Movies to Watch Before You Die,false,Les vampires,1915,tt0006206
1000+ Movies to Watch Before You Die,false,Intolerance,1916,tt0006864
1000+ Movies to Watch Before You Die,false,Broken Blossoms,1919,tt0009968
1000+ Movies to Watch Before You Die,false,The Cabinet of Dr. Caligari,1920,tt0010323
1000+ Movies to Watch Before You Die,false,Way Down East,1920,tt0011841
1000+ Movies to Watch Before You Die,false,Within Our Gates,1920,tt0011870
1000+ Movies to Watch Before You Die,false,The Phantom Carriage,1921,tt0012364
1000+ Movies to Watch Before You Die,false,Orphans of the Storm,1921,tt0012532
1000+ Movies to Watch Before You Die,false,"Dr. Mabuse, the Gambler",1922,tt0013086
1000+ Movies to Watch Before You Die,false,Häxan,1922,tt0013257
1000+ Movies to Watch Before You Die,false,The Great White Silence,1922,tt1764657
1000+ Movies to Watch Before You Die,false,Foolish Wives,1922,tt0013140
1000+ Movies to Watch Before You Die,false,Nanook of the North,1922,tt0013427
1000+ Movies to Watch Before You Die,true,Nosferatu,1922,tt0013442
1000+ Movies to Watch Before You Die,false,Our Hospitality,1923,tt0014341
1000+ Movies to Watch Before You Die,false,The Smiling Madame Beudet,1923,tt0013626
1000+ Movies to Watch Before You Die,false,The Wheel,1923,tt0014417
1000+ Movies to Watch Before You Die,false,Greed,1924,tt0015881
1000+ Movies to Watch Before You Die,false,Sherlock Jr.,1924,tt0015324
1000+ Movies to Watch Before You Die,false,The Thief of Bagdad,1924,tt0015400
1000+ Movies to Watch Before You Die,false,The Last Laugh,1924,tt0015064
1000+ Movies to Watch Before You Die,false,The Big Parade,1925,tt0015624
1000+ Movies to Watch Before You Die,false,The Phantom of the Opera,1925,tt0016220
1000+ Movies to Watch Before You Die,false,Strike,1925,tt0015361
1000+ Movies to Watch Before You Die,false,Battleship Potemkin,1925,tt0015648
1000+ Movies to Watch Before You Die,false,The Eagle,1925,tt0015772
1000+ Movies to Watch Before You Die,false,The Gold Rush,1925,tt0015864
1000+ Movies to Watch Before You Die,false,Seven Chances,1925,tt0016332
1000+ Movies to Watch Before You Die,false,The General,1926,tt0017925
1000+ Movies to Watch Before You Die,false,The Adventures of Prince Achmed,1926,tt0015532
1000+ Movies to Watch Before You Die,false,Napoleon,1927,tt0018192
1000+ Movies to Watch Before You Die,false,The Kid Brother,1927,tt0018051
1000+ Movies to Watch Before You Die,false,The Unknown,1927,tt0018528
1000+ Movies to Watch Before You Die,false,The Jazz Singer,1927,tt0018037
1000+ Movies to Watch Before You Die,false,October (Ten Days that Shook the World),1927,tt0018217
1000+ Movies to Watch Before You Die,false,Metropolis,1927,tt0017136
1000+ Movies to Watch Before You Die,false,Sunrise,1927,tt0018455
1000+ Movies to Watch Before You Die,false,Storm Over Asia,1928,tt0019286
1000+ Movies to Watch Before You Die,false,The Passion of Joan of Arc,1928,tt0019254
1000+ Movies to Watch Before You Die,false,The Docks of New York,1928,tt0018839
1000+ Movies to Watch Before You Die,false,"Steamboat Bill, Jr.",1928,tt0019421
1000+ Movies to Watch Before You Die,false,The Crowd,1928,tt0018806
1000+ Movies to Watch Before You Die,false,Pandora's Box,1929,tt0018737
1000+ Movies to Watch Before You Die,false,Blackmail,1929,tt0019702
1000+ Movies to Watch Before You Die,false,Man with a Movie Camera,1929,tt0019760
1000+ Movies to Watch Before You Die,false,An Andalusian Dog,1929,tt0020530
1000+ Movies to Watch Before You Die,false,A Throw of Dice,1929,tt0020286
1000+ Movies to Watch Before You Die,false,The Golden Age,1930,tt0021577
1000+ Movies to Watch Before You Die,false,All Quiet on the Western Front,1930,tt0020629
1000+ Movies to Watch Before You Die,false,The Blue Angel,1930,tt0020697
1000+ Movies to Watch Before You Die,false,Earth,1930,tt0021571
1000+ Movies to Watch Before You Die,false,Little Caesar,1931,tt0021079
1000+ Movies to Watch Before You Die,false,Tabu: A Story of the South Seas,1931,tt0022458
1000+ Movies to Watch Before You Die,false,City Lights,1931,tt0021749
1000+ Movies to Watch Before You Die,false,Dracula,1931,tt0021814
1000+ Movies to Watch Before You Die,false,Frankenstein,1931,tt0021884
1000+ Movies to Watch Before You Die,false,The Public Enemy,1931,tt0022286
1000+ Movies to Watch Before You Die,false,Limit,1931,tt0022080
1000+ Movies to Watch Before You Die,true,M,1931,tt0022100
1000+ Movies to Watch Before You Die,false,Freaks,1932,tt0022913
1000+ Movies to Watch Before You Die,false,The Bitter Tea of General Yen,1932,tt0023814
1000+ Movies to Watch Before You Die,false,Boudu Saved from Drowning,1932,tt0022718
1000+ Movies to Watch Before You Die,false,I Am a Fugitive from a Chain Gang,1932,tt0023042
1000+ Movies to Watch Before You Die,false,Love Me Tonight,1932,tt0023158
1000+ Movies to Watch Before You Die,false,Shanghai Express,1932,tt0023458
1000+ Movies to Watch Before You Die,false,Trouble in Paradise,1932,tt0023622
1000+ Movies to Watch Before You Die,false,Me and My Gal,1932,tt0023202
1000+ Movies to Watch Before You Die,false,Sons of the Desert,1933,tt0024601
1000+ Movies to Watch Before You Die,false,Queen Christina,1933,tt0024481
1000+ Movies to Watch Before You Die,false,King Kong,1933,tt0024216
1000+ Movies to Watch Before You Die,false,Gold Diggers of 1933,1933,tt0024069
1000+ Movies to Watch Before You Die,false,Duck Soup,1933,tt0023969
1000+ Movies to Watch Before You Die,false,She Done Him Wrong,1933,tt0024548
1000+ Movies to Watch Before You Die,false,Footlight Parade,1933,tt0024028
1000+ Movies to Watch Before You Die,false,42nd Street,1933,tt0024034
1000+ Movies to Watch Before You Die,false,Zero for Conduct,1933,tt0024803
1000+ Movies to Watch Before You Die,false,The Thin Man,1934,tt0025878
1000+ Movies to Watch Before You Die,false,The Black Cat,1934,tt0024894
1000+ Movies to Watch Before You Die,false,L'Atalante,1934,tt0024844
1000+ Movies to Watch Before You Die,false,It Happened One Night,1934,tt0025316
1000+ Movies to Watch Before You Die,false,It's a Gift,1934,tt0025318
1000+ Movies to Watch Before You Die,false,The Goddess of Spring,1934,tt0025184
1000+ Movies to Watch Before You Die,false,Judge Priest,1934,tt0025335
1000+ Movies to Watch Before You Die,false,Top Hat,1935,tt0027125
1000+ Movies to Watch Before You Die,false,Ye ban ge sheng,1935,tt0206442
1000+ Movies to Watch Before You Die,false,Peter Ibbetson,1935,tt0026866
1000+ Movies to Watch Before You Die,false,Triumph of the Will,1935,tt0025913
1000+ Movies to Watch Before You Die,false,Mutiny on the Bounty,1935,tt0026752
1000+ Movies to Watch Before You Die,false,The 39 Steps,1935,tt0026029
1000+ Movies to Watch Before You Die,false,A Night at the Opera,1935,tt0026778
1000+ Movies to Watch Before You Die,false,Bride of Frankenstein,1935,tt0026138
1000+ Movies to Watch Before You Die,false,Captain Blood,1935,tt0026174
1000+ Movies to Watch Before You Die,false,Mr. Deeds Goes to Town,1936,tt0027996
1000+ Movies to Watch Before You Die,false,The Story of a Cheat,1936,tt0028201
1000+ Movies to Watch Before You Die,false,Modern Times,1936,tt0027977
1000+ Movies to Watch Before You Die,false,Swing Time,1936,tt0028333
1000+ Movies to Watch Before You Die,false,My Man Godfrey,1936,tt0028010
1000+ Movies to Watch Before You Die,false,Camille,1936,tt0028683
1000+ Movies to Watch Before You Die,false,Things to Come,1936,tt0028358
1000+ Movies to Watch Before You Die,false,Dodsworth,1936,tt0027532
1000+ Movies to Watch Before You Die,false,Sabotage,1936,tt0028212
1000+ Movies to Watch Before You Die,false,Make Way for Tomorrow,1937,tt0029192
1000+ Movies to Watch Before You Die,false,Stella Dallas,1937,tt0029608
1000+ Movies to Watch Before You Die,false,Snow White and the Seven Dwarfs,1937,tt0029583
1000+ Movies to Watch Before You Die,false,Captains Courageous,1937,tt0028691
1000+ Movies to Watch Before You Die,false,The Awful Truth,1937,tt0028597
1000+ Movies to Watch Before You Die,false,The Life of Emile Zola,1937,tt0029146
1000+ Movies to Watch Before You Die,false,The Grand Illusion,1937,tt0028950
1000+ Movies to Watch Before You Die,false,Pépé le Moko,1937,tt0029453
1000+ Movies to Watch Before You Die,false,Olympia Part One: Festival of the Nations,1938,tt0030522
1000+ Movies to Watch Before You Die,false,Jezebel,1938,tt0030287
1000+ Movies to Watch Before You Die,false,The Adventures of Robin Hood,1938,tt0029843
1000+ Movies to Watch Before You Die,false,Angels with Dirty Faces,1938,tt0029870
1000+ Movies to Watch Before You Die,false,The Lady Vanishes,1938,tt0030341
1000+ Movies to Watch Before You Die,false,Bringing Up Baby,1938,tt0029947
1000+ Movies to Watch Before You Die,false,The Baker's Wife,1938,tt0030127
1000+ Movies to Watch Before You Die,false,Olympia Part Two: Festival of Beauty,1938,tt0030523
1000+ Movies to Watch Before You Die,false,Destry Rides Again,1939,tt0031225
1000+ Movies to Watch Before You Die,false,The Rules of the Game,1939,tt0031885
1000+ Movies to Watch Before You Die,false,Wuthering Heights,1939,tt0032145
1000+ Movies to Watch Before You Die,false,Mr. Smith Goes to Washington,1939,tt0031679
1000+ Movies to Watch Before You Die,false,Stagecoach,1939,tt0031971
1000+ Movies to Watch Before You Die,false,Only Angels Have Wings,1939,tt0031762
1000+ Movies to Watch Before You Die,false,Gone with the Wind,1939,tt0031381
1000+ Movies to Watch Before You Die,false,Gunga Din,1939,tt0031398
1000+ Movies to Watch Before You Die,false,Ninotchka,1939,tt0031725
1000+ Movies to Watch Before You Die,false,The Wizard of Oz,1939,tt0032138
1000+ Movies to Watch Before You Die,false,Babes in Arms,1939,tt0031066
1000+ Movies to Watch Before You Die,false,The Story of the Last Chrysanthemum,1939,tt0032156
1000+ Movies to Watch Before You Die,false,The Mortal Storm,1940,tt0032811
1000+ Movies to Watch Before You Die,false,Pinocchio,1940,tt0032910
1000+ Movies to Watch Before You Die,false,"Dance, Girl, Dance",1940,tt0032376
1000+ Movies to Watch Before You Die,false,High Sierra,1940,tt0033717
1000+ Movies to Watch Before You Die,false,His Girl Friday,1940,tt0032599
1000+ Movies to Watch Before You Die,false,Fantasia,1940,tt0032455
1000+ Movies to Watch Before You Die,false,Rebecca,1940,tt0032976
1000+ Movies to Watch Before You Die,false,The Philadelphia Story,1940,tt0032904
1000+ Movies to Watch Before You Die,false,The Grapes of Wrath,1940,tt0032551
1000+ Movies to Watch Before You Die,false,The Bank Dick,1940,tt0032234
1000+ Movies to Watch Before You Die,false,How Green Was My Valley,1941,tt0033729
1000+ Movies to Watch Before You Die,false,Sullivan's Travels,1941,tt0034240
1000+ Movies to Watch Before You Die,false,The Maltese Falcon,1941,tt0033870
1000+ Movies to Watch Before You Die,false,Dumbo,1941,tt0033563
1000+ Movies to Watch Before You Die,false,The Wolf Man,1941,tt0034398
1000+ Movies to Watch Before You Die,false,The Lady Eve,1941,tt0033804
1000+ Movies to Watch Before You Die,false,Sergeant York,1941,tt0034167
1000+ Movies to Watch Before You Die,false,Citizen Kane,1941,tt0033467
1000+ Movies to Watch Before You Die,false,The Ox-Bow Incident,1942,tt0036244
1000+ Movies to Watch Before You Die,true,Casablanca,1942,tt0034583
1000+ Movies to Watch Before You Die,false,Yankee Doodle Dandy,1942,tt0035575
1000+ Movies to Watch Before You Die,false,The Magnificent Ambersons,1942,tt0035015
1000+ Movies to Watch Before You Die,false,"Now, Voyager",1942,tt0035140
1000+ Movies to Watch Before You Die,false,The Palm Beach Story,1942,tt0035169
1000+ Movies to Watch Before You Die,false,Mrs. Miniver,1942,tt0035093
1000+ Movies to Watch Before You Die,false,To Be or Not to Be,1942,tt0035446
1000+ Movies to Watch Before You Die,false,Cat People,1942,tt0034587
1000+ Movies to Watch Before You Die,false,The Man in Grey,1943,tt0036135
1000+ Movies to Watch Before You Die,false,I Walked with a Zombie,1943,tt0036027
1000+ Movies to Watch Before You Die,false,Obsession,1943,tt0035160
1000+ Movies to Watch Before You Die,false,Fires Were Started,1943,tt0035881
1000+ Movies to Watch Before You Die,false,The Life and Death of Colonel Blimp,1943,tt0036112
1000+ Movies to Watch Before You Die,false,Meshes of the Afternoon,1943,tt0036154
1000+ Movies to Watch Before You Die,false,The Seventh Victim,1943,tt0036341
1000+ Movies to Watch Before You Die,false,Shadow of a Doubt,1943,tt0036342
1000+ Movies to Watch Before You Die,false,To Have and Have Not,1944,tt0037382
1000+ Movies to Watch Before You Die,false,"Murder, My Sweet",1944,tt0037101
1000+ Movies to Watch Before You Die,false,"Ivan the Terrible, Part I",1944,tt0037824
1000+ Movies to Watch Before You Die,false,Laura,1944,tt0037008
1000+ Movies to Watch Before You Die,false,Meet Me in St. Louis,1944,tt0037059
1000+ Movies to Watch Before You Die,false,Gaslight,1944,tt0036855
1000+ Movies to Watch Before You Die,false,Henry V,1944,tt0036910
1000+ Movies to Watch Before You Die,false,Double Indemnity,1944,tt0036775
1000+ Movies to Watch Before You Die,false,Spellbound,1945,tt0038109
1000+ Movies to Watch Before You Die,false,Children of Paradise,1945,tt0037674
1000+ Movies to Watch Before You Die,false,San Pietro,1945,tt0036630
1000+ Movies to Watch Before You Die,false,"Rome, Open City",1945,tt0038890
1000+ Movies to Watch Before You Die,false,Mildred Pierce,1945,tt0037913
1000+ Movies to Watch Before You Die,false,Detour,1945,tt0037638
1000+ Movies to Watch Before You Die,false,I Know Where I'm Going!,1945,tt0037800
1000+ Movies to Watch Before You Die,false,The Lost Weekend,1945,tt0037884
1000+ Movies to Watch Before You Die,false,Brief Encounter,1945,tt0037558
1000+ Movies to Watch Before You Die,false,A Matter of Life and Death,1946,tt0038733
1000+ Movies to Watch Before You Die,false,The Big Sleep,1946,tt0038355
1000+ Movies to Watch Before You Die,false,Beauty and the Beast,1946,tt0038348
1000+ Movies to Watch Before You Die,false,The Best Years of Our Lives,1946,tt0036868
1000+ Movies to Watch Before You Die,false,Paisan,1946,tt0038823
1000+ Movies to Watch Before You Die,false,The Postman Always Rings Twice,1946,tt0038854
1000+ Movies to Watch Before You Die,false,The Killers,1946,tt0038669
1000+ Movies to Watch Before You Die,false,A Day in the Country,1946,tt0028445
1000+ Movies to Watch Before You Die,false,Great Expectations,1946,tt0038574
1000+ Movies to Watch Before You Die,false,It's a Wonderful Life,1946,tt0038650
1000+ Movies to Watch Before You Die,false,The Stranger,1946,tt0038991
1000+ Movies to Watch Before You Die,false,Notorious,1946,tt0038787
1000+ Movies to Watch Before You Die,false,My Darling Clementine,1946,tt0038762
1000+ Movies to Watch Before You Die,false,Gilda,1946,tt0038559
1000+ Movies to Watch Before You Die,false,Odd Man Out,1947,tt0039677
1000+ Movies to Watch Before You Die,false,Out of the Past,1947,tt0039689
1000+ Movies to Watch Before You Die,false,Black Narcissus,1947,tt0039192
1000+ Movies to Watch Before You Die,false,The Lady from Shanghai,1947,tt0040525
1000+ Movies to Watch Before You Die,false,Secret Beyond the Door...,1947,tt0040766
1000+ Movies to Watch Before You Die,false,The Ghost and Mrs. Muir,1947,tt0039420
1000+ Movies to Watch Before You Die,false,Monsieur Verdoux,1947,tt0039631
1000+ Movies to Watch Before You Die,false,Force of Evil,1948,tt0040366
1000+ Movies to Watch Before You Die,false,Spring in a Small Town,1948,tt0189219
1000+ Movies to Watch Before You Die,false,Letter from an Unknown Woman,1948,tt0040536
1000+ Movies to Watch Before You Die,false,The Red Shoes,1948,tt0040725
1000+ Movies to Watch Before You Die,false,Red River,1948,tt0040724
1000+ Movies to Watch Before You Die,false,The Paleface,1948,tt0040679
1000+ Movies to Watch Before You Die,false,The Snake Pit,1948,tt0040806
1000+ Movies to Watch Before You Die,false,Rope,1948,tt0040746
1000+ Movies to Watch Before You Die,false,The Treasure of the Sierra Madre,1948,tt0040897
1000+ Movies to Watch Before You Die,false,Louisiana Story,1948,tt0040550
1000+ Movies to Watch Before You Die,false,Bicycle Thieves,1948,tt0040522
1000+ Movies to Watch Before You Die,false,The Third Man,1949,tt0041959
1000+ Movies to Watch Before You Die,false,On the Town,1949,tt0041716
1000+ Movies to Watch Before You Die,false,Whisky Galore!,1949,tt0042040
1000+ Movies to Watch Before You Die,false,The Reckless Moment,1949,tt0041786
1000+ Movies to Watch Before You Die,false,White Heat,1949,tt0042041
1000+ Movies to Watch Before You Die,false,Adam's Rib,1949,tt0041090
1000+ Movies to Watch Before You Die,false,The Heiress,1949,tt0041452
1000+ Movies to Watch Before You Die,false,Kind Hearts and Coronets,1949,tt0041546
1000+ Movies to Watch Before You Die,false,Rio Grande,1950,tt0042895
1000+ Movies to Watch Before You Die,false,Sunset Blvd.,1950,tt0043014
1000+ Movies to Watch Before You Die,false,In a Lonely Place,1950,tt0042593
1000+ Movies to Watch Before You Die,false,Winchester '73,1950,tt0043137
1000+ Movies to Watch Before You Die,false,All About Eve,1950,tt0042192
1000+ Movies to Watch Before You Die,false,Rashomon,1950,tt0042876
1000+ Movies to Watch Before You Die,false,The Asphalt Jungle,1950,tt0042208
1000+ Movies to Watch Before You Die,false,Orpheus,1950,tt0041719
1000+ Movies to Watch Before You Die,false,The Young and the Damned,1950,tt0042804
1000+ Movies to Watch Before You Die,false,Gun Crazy,1950,tt0042530
1000+ Movies to Watch Before You Die,false,Strangers on a Train,1951,tt0044079
1000+ Movies to Watch Before You Die,false,The Lavender Hill Mob,1951,tt0044829
1000+ Movies to Watch Before You Die,false,The Day the Earth Stood Still,1951,tt0043456
1000+ Movies to Watch Before You Die,false,A Place in the Sun,1951,tt0043924
1000+ Movies to Watch Before You Die,false,The African Queen,1951,tt0043265
1000+ Movies to Watch Before You Die,false,Pandora and the Flying Dutchman,1951,tt0043899
1000+ Movies to Watch Before You Die,false,An American in Paris,1951,tt0043278
1000+ Movies to Watch Before You Die,false,A Streetcar Named Desire,1951,tt0044081
1000+ Movies to Watch Before You Die,false,Diary of a Country Priest,1951,tt0042619
1000+ Movies to Watch Before You Die,false,Angel Face,1952,tt0044357
1000+ Movies to Watch Before You Die,false,High Noon,1952,tt0044706
1000+ Movies to Watch Before You Die,false,The Big Sky,1952,tt0044419
1000+ Movies to Watch Before You Die,false,The Golden Coach,1952,tt0044487
1000+ Movies to Watch Before You Die,false,Europe '51,1952,tt0043511
1000+ Movies to Watch Before You Die,false,Forbidden Games,1952,tt0043686
1000+ Movies to Watch Before You Die,false,The Quiet Man,1952,tt0045061
1000+ Movies to Watch Before You Die,false,Singin' in the Rain,1952,tt0045152
1000+ Movies to Watch Before You Die,false,The Bad and the Beautiful,1952,tt0044391
1000+ Movies to Watch Before You Die,false,Umberto D.,1952,tt0045274
1000+ Movies to Watch Before You Die,false,The Naked Spur,1953,tt0044953
1000+ Movies to Watch Before You Die,false,The Wages of Fear,1953,tt0046268
1000+ Movies to Watch Before You Die,false,Summer with Monika,1953,tt0046345
1000+ Movies to Watch Before You Die,false,Pickup on South Street,1953,tt0046187
1000+ Movies to Watch Before You Die,false,The Band Wagon,1953,tt0045537
1000+ Movies to Watch Before You Die,false,The Earrings of Madame De...,1953,tt0046022
1000+ Movies to Watch Before You Die,false,The Bigamist,1953,tt0045557
1000+ Movies to Watch Before You Die,false,Tokyo Story,1953,tt0046438
1000+ Movies to Watch Before You Die,false,From Here to Eternity,1953,tt0045793
1000+ Movies to Watch Before You Die,false,Shane,1953,tt0046303
1000+ Movies to Watch Before You Die,false,Gentlemen Prefer Blondes,1953,tt0045810
1000+ Movies to Watch Before You Die,false,Roman Holiday,1953,tt0046250
1000+ Movies to Watch Before You Die,false,The Big Heat,1953,tt0045555
1000+ Movies to Watch Before You Die,false,Beat the Devil,1953,tt0046414
1000+ Movies to Watch Before You Die,false,Monsieur Hulot's Holiday,1953,tt0046487
1000+ Movies to Watch Before You Die,false,Ugetsu,1953,tt0046478
1000+ Movies to Watch Before You Die,false,Sansho the Bailiff,1954,tt0047445
1000+ Movies to Watch Before You Die,false,Seven Samurai,1954,tt0047478
1000+ Movies to Watch Before You Die,false,On the Waterfront,1954,tt0047296
1000+ Movies to Watch Before You Die,false,Rear Window,1954,tt0047396
1000+ Movies to Watch Before You Die,false,Silver Lode,1954,tt0047495
1000+ Movies to Watch Before You Die,false,The Barefoot Contessa,1954,tt0046754
1000+ Movies to Watch Before You Die,false,Carmen Jones,1954,tt0046828
1000+ Movies to Watch Before You Die,false,Johnny Guitar,1954,tt0047136
1000+ Movies to Watch Before You Die,false,Salt of the Earth,1954,tt0047443
1000+ Movies to Watch Before You Die,false,Seven Brides for Seven Brothers,1954,tt0047472
1000+ Movies to Watch Before You Die,false,Animal Farm,1954,tt0047834
1000+ Movies to Watch Before You Die,false,Journey to Italy,1954,tt0046511
1000+ Movies to Watch Before You Die,false,The Ladykillers,1955,tt0048281
1000+ Movies to Watch Before You Die,false,Oklahoma!,1955,tt0048445
1000+ Movies to Watch Before You Die,false,All That Heaven Allows,1955,tt0047811
1000+ Movies to Watch Before You Die,false,The Man from Laramie,1955,tt0048342
1000+ Movies to Watch Before You Die,false,Guys and Dolls,1955,tt0048140
1000+ Movies to Watch Before You Die,false,Ordet,1955,tt0048452
1000+ Movies to Watch Before You Die,false,Marty,1955,tt0048356
1000+ Movies to Watch Before You Die,false,Artists and Models,1955,tt0047840
1000+ Movies to Watch Before You Die,false,Rebel Without a Cause,1955,tt0048545
1000+ Movies to Watch Before You Die,false,Hill 24 Doesn't Answer,1955,tt0048121
1000+ Movies to Watch Before You Die,false,Bad Day at Black Rock,1955,tt0047849
1000+ Movies to Watch Before You Die,false,The Phenix City Story,1955,tt0048488
1000+ Movies to Watch Before You Die,false,The Man with the Golden Arm,1955,tt0048347
1000+ Movies to Watch Before You Die,false,Kiss Me Deadly,1955,tt0048261
1000+ Movies to Watch Before You Die,false,Pather Panchali,1955,tt0048473
1000+ Movies to Watch Before You Die,false,The Night of the Hunter,1955,tt0048424
1000+ Movies to Watch Before You Die,false,Smiles of a Summer Night,1955,tt0048641
1000+ Movies to Watch Before You Die,false,The Mad Masters,1955,tt0048363
1000+ Movies to Watch Before You Die,false,European Horror: Les Diaboliques (1955),1955,tt12933920
1000+ Movies to Watch Before You Die,false,The Burmese Harp,1956,tt0049012
1000+ Movies to Watch Before You Die,false,Bob the Gambler,1956,tt0047892
1000+ Movies to Watch Before You Die,false,The Wrong Man,1956,tt0051207
1000+ Movies to Watch Before You Die,false,Giant,1956,tt0049261
1000+ Movies to Watch Before You Die,false,Invasion of the Body Snatchers,1956,tt0049366
1000+ Movies to Watch Before You Die,false,Bigger Than Life,1956,tt0049010
1000+ Movies to Watch Before You Die,false,Written on the Wind,1956,tt0049966
1000+ Movies to Watch Before You Die,false,Forbidden Planet,1956,tt0049223
1000+ Movies to Watch Before You Die,false,The Searchers,1956,tt0049730
1000+ Movies to Watch Before You Die,false,The Ten Commandments,1956,tt0049833
1000+ Movies to Watch Before You Die,false,A Man Escaped,1956,tt0049902
1000+ Movies to Watch Before You Die,false,High Society,1956,tt0049314
1000+ Movies to Watch Before You Die,false,The Man Who Knew Too Much,1956,tt0049470
1000+ Movies to Watch Before You Die,false,Night and Fog,1956,tt0048434
1000+ Movies to Watch Before You Die,false,The Incredible Shrinking Man,1957,tt0050539
1000+ Movies to Watch Before You Die,false,Mother India,1957,tt0050188
1000+ Movies to Watch Before You Die,false,The Seventh Seal,1957,tt0050976
1000+ Movies to Watch Before You Die,false,Throne of Blood,1957,tt0050613
1000+ Movies to Watch Before You Die,false,Nights of Cabiria,1957,tt0050783
1000+ Movies to Watch Before You Die,false,The Cranes Are Flying,1957,tt0050634
1000+ Movies to Watch Before You Die,false,Wild Strawberries,1957,tt0050986
1000+ Movies to Watch Before You Die,false,Paths of Glory,1957,tt0050825
1000+ Movies to Watch Before You Die,false,An Affair to Remember,1957,tt0050105
1000+ Movies to Watch Before You Die,false,12 Angry Men,1957,tt0050083
1000+ Movies to Watch Before You Die,false,Gunfight at the O.K. Corral,1957,tt0050468
1000+ Movies to Watch Before You Die,false,The Bridge on the River Kwai,1957,tt0050212
1000+ Movies to Watch Before You Die,false,Sweet Smell of Success,1957,tt0051036
1000+ Movies to Watch Before You Die,false,Cairo Station,1958,tt0051390
1000+ Movies to Watch Before You Die,false,Shadows,1958,tt0053270
1000+ Movies to Watch Before You Die,false,Horror of Dracula,1958,tt0051554
1000+ Movies to Watch Before You Die,false,Some Came Running,1958,tt0052218
1000+ Movies to Watch Before You Die,false,Vertigo,1958,tt0052357
1000+ Movies to Watch Before You Die,false,Man of the West,1958,tt0051899
1000+ Movies to Watch Before You Die,false,The Defiant Ones,1958,tt0051525
1000+ Movies to Watch Before You Die,false,Gigi,1958,tt0051658
1000+ Movies to Watch Before You Die,false,Touch of Evil,1958,tt0052311
1000+ Movies to Watch Before You Die,false,"Ivan the Terrible, Part II: The Boyars' Plot",1958,tt0051790
1000+ Movies to Watch Before You Die,false,Ashes and Diamonds,1958,tt0052080
1000+ Movies to Watch Before You Die,false,My Uncle,1958,tt0050706
1000+ Movies to Watch Before You Die,false,The Music Room,1958,tt0051792
1000+ Movies to Watch Before You Die,false,Some Like It Hot,1959,tt0053291
1000+ Movies to Watch Before You Die,false,The World of Apu,1959,tt0052572
1000+ Movies to Watch Before You Die,false,Floating Weeds,1959,tt0053390
1000+ Movies to Watch Before You Die,false,Black Orpheus,1959,tt0053146
1000+ Movies to Watch Before You Die,false,Rio Bravo,1959,tt0053221
1000+ Movies to Watch Before You Die,false,Anatomy of a Murder,1959,tt0052561
1000+ Movies to Watch Before You Die,false,Ben-Hur,1959,tt0052618
1000+ Movies to Watch Before You Die,false,Ride Lonesome,1959,tt0053220
1000+ Movies to Watch Before You Die,false,Hiroshima Mon Amour,1959,tt0052893
1000+ Movies to Watch Before You Die,false,Pickpocket,1959,tt0053168
1000+ Movies to Watch Before You Die,false,North by Northwest,1959,tt0053125
1000+ Movies to Watch Before You Die,false,The 400 Blows,1959,tt0053198
1000+ Movies to Watch Before You Die,false,La Dolce Vita,1960,tt0053779
1000+ Movies to Watch Before You Die,false,The Young One,1960,tt0053967
1000+ Movies to Watch Before You Die,false,The Housemaid,1960,tt0150980
1000+ Movies to Watch Before You Die,false,Breathless,1960,tt0053472
1000+ Movies to Watch Before You Die,false,The Hole,1960,tt0054407
1000+ Movies to Watch Before You Die,false,Eyes Without a Face,1960,tt0053459
1000+ Movies to Watch Before You Die,false,The Cloud-Capped Star,1960,tt0054073
1000+ Movies to Watch Before You Die,false,Rocco and His Brothers,1960,tt0054248
1000+ Movies to Watch Before You Die,false,Shoot the Piano Player,1960,tt0054389
1000+ Movies to Watch Before You Die,false,Saturday Night and Sunday Morning,1960,tt0054269
1000+ Movies to Watch Before You Die,false,Black Sunday,1960,tt0054067
1000+ Movies to Watch Before You Die,false,Spartacus,1960,tt0054331
1000+ Movies to Watch Before You Die,false,The Apartment,1960,tt0053604
1000+ Movies to Watch Before You Die,false,Psycho,1960,tt0054215
1000+ Movies to Watch Before You Die,false,Peeping Tom,1960,tt0054167
1000+ Movies to Watch Before You Die,false,Last Year at Marienbad,1961,tt0054632
1000+ Movies to Watch Before You Die,false,Splendor in the Grass,1961,tt0055471
1000+ Movies to Watch Before You Die,false,Viridiana,1961,tt0055601
1000+ Movies to Watch Before You Die,false,Breakfast at Tiffany's,1961,tt0054698
1000+ Movies to Watch Before You Die,false,Lola,1961,tt0055093
1000+ Movies to Watch Before You Die,false,The Exiles,1961,tt0054861
1000+ Movies to Watch Before You Die,false,West Side Story,1961,tt0055614
1000+ Movies to Watch Before You Die,false,The Hustler,1961,tt0054997
1000+ Movies to Watch Before You Die,false,The Ladies Man,1961,tt0055069
1000+ Movies to Watch Before You Die,false,Chronicle of a Summer,1961,tt0054745
1000+ Movies to Watch Before You Die,false,One-Eyed Jacks,1961,tt0055257
1000+ Movies to Watch Before You Die,false,Through a Glass Darkly,1961,tt0055499
1000+ Movies to Watch Before You Die,false,What Ever Happened to Baby Jane?,1962,tt0056687
1000+ Movies to Watch Before You Die,false,A Dog's Life,1962,tt0057318
1000+ Movies to Watch Before You Die,false,The Given Word,1962,tt0056322
1000+ Movies to Watch Before You Die,false,An Autumn Afternoon,1962,tt0056444
1000+ Movies to Watch Before You Die,false,Lolita,1962,tt0056193
1000+ Movies to Watch Before You Die,false,The Man Who Shot Liberty Valance,1962,tt0056217
1000+ Movies to Watch Before You Die,false,Heaven and Earth Magic,1962,tt0056060
1000+ Movies to Watch Before You Die,false,Lawrence of Arabia,1962,tt0056172
1000+ Movies to Watch Before You Die,false,To Kill a Mockingbird,1962,tt0056592
1000+ Movies to Watch Before You Die,false,The Manchurian Candidate,1962,tt0056218
1000+ Movies to Watch Before You Die,false,A Flame at the Pier,1962,tt0056562
1000+ Movies to Watch Before You Die,false,Jules and Jim,1962,tt0055032
1000+ Movies to Watch Before You Die,false,The Exterminating Angel,1962,tt0056732
1000+ Movies to Watch Before You Die,false,Cléo from 5 to 7,1962,tt0055852
1000+ Movies to Watch Before You Die,false,The Nutty Professor,1963,tt0057372
1000+ Movies to Watch Before You Die,false,The Haunting,1963,tt0057129
1000+ Movies to Watch Before You Die,true,Dog Star Man: Part II,1963,tt0284060
1000+ Movies to Watch Before You Die,false,Scorpio Rising,1963,tt0058555
1000+ Movies to Watch Before You Die,false,8½,1963,tt0056801
1000+ Movies to Watch Before You Die,false,Mediterranean,1963,tt0197719
1000+ Movies to Watch Before You Die,false,Contempt,1963,tt0057345
1000+ Movies to Watch Before You Die,false,The House Is Black,1963,tt0336693
1000+ Movies to Watch Before You Die,false,The Leopard,1963,tt0057091
1000+ Movies to Watch Before You Die,false,Shock Corridor,1963,tt0057495
1000+ Movies to Watch Before You Die,false,Hud,1963,tt0057163
1000+ Movies to Watch Before You Die,false,Flaming Creatures,1963,tt0054880
1000+ Movies to Watch Before You Die,false,The Servant,1963,tt0057490
1000+ Movies to Watch Before You Die,false,The Birds,1963,tt0056869
1000+ Movies to Watch Before You Die,false,An Actor's Revenge,1963,tt0057710
1000+ Movies to Watch Before You Die,false,Barren Lives,1963,tt0057654
1000+ Movies to Watch Before You Die,false,Passenger,1963,tt0054159
1000+ Movies to Watch Before You Die,false,Winter Light,1963,tt0057358
1000+ Movies to Watch Before You Die,false,Blonde Cobra,1963,tt0138329
1000+ Movies to Watch Before You Die,false,The Cool World,1963,tt0056952
1000+ Movies to Watch Before You Die,false,The Great Escape,1963,tt0057115
1000+ Movies to Watch Before You Die,false,Before the Revolution,1964,tt0056371
1000+ Movies to Watch Before You Die,false,"Black God, White Devil",1964,tt0058006
1000+ Movies to Watch Before You Die,false,The Gospel According to St. Matthew,1964,tt0058715
1000+ Movies to Watch Before You Die,false,The Umbrellas of Cherbourg,1964,tt0058450
1000+ Movies to Watch Before You Die,false,Woman in the Dunes,1964,tt0058625
1000+ Movies to Watch Before You Die,false,Goldfinger,1964,tt0058150
1000+ Movies to Watch Before You Die,false,My Fair Lady,1964,tt0058385
1000+ Movies to Watch Before You Die,false,Marnie,1964,tt0058329
1000+ Movies to Watch Before You Die,false,The Masque of the Red Death,1964,tt0058333
1000+ Movies to Watch Before You Die,false,Dr. Strangelove or: How I Learned to Stop Worrying and Love the Bomb,1964,tt0057012
1000+ Movies to Watch Before You Die,false,A Hard Day's Night,1964,tt0058182
1000+ Movies to Watch Before You Die,false,Gertrud,1964,tt0058138
1000+ Movies to Watch Before You Die,false,Mary Poppins,1964,tt0058331
1000+ Movies to Watch Before You Die,false,Red Desert,1964,tt0058003
1000+ Movies to Watch Before You Die,false,Vinyl,1965,tt0059880
1000+ Movies to Watch Before You Die,false,Chimes at Midnight,1965,tt0059012
1000+ Movies to Watch Before You Die,false,Repulsion,1965,tt0059646
1000+ Movies to Watch Before You Die,false,The Man Who Had His Hair Cut Short,1965,tt0129222
1000+ Movies to Watch Before You Die,false,Juliet of the Spirits,1965,tt0059229
1000+ Movies to Watch Before You Die,false,The Shop on Main Street,1965,tt0059527
1000+ Movies to Watch Before You Die,false,The Saragossa Manuscript,1965,tt0059643
1000+ Movies to Watch Before You Die,false,Shadows of Forgotten Ancestors,1965,tt0058642
1000+ Movies to Watch Before You Die,false,Tokyo Olympiad,1965,tt0059817
1000+ Movies to Watch Before You Die,false,Doctor Zhivago,1965,tt0059113
1000+ Movies to Watch Before You Die,false,The Sound of Music,1965,tt0059742
1000+ Movies to Watch Before You Die,false,"Faster, Pussycat! Kill! Kill!",1965,tt0059170
1000+ Movies to Watch Before You Die,false,Alphaville,1965,tt0058898
1000+ Movies to Watch Before You Die,false,Blow-Up,1966,tt0060176
1000+ Movies to Watch Before You Die,false,Au hasard Balthazar,1966,tt0060138
1000+ Movies to Watch Before You Die,false,Come Drink with Me,1966,tt0059079
1000+ Movies to Watch Before You Die,false,"The Good, the Bad and the Ugly",1966,tt0060196
1000+ Movies to Watch Before You Die,false,Masculine Feminine,1966,tt0060675
1000+ Movies to Watch Before You Die,false,Daisies,1966,tt0060959
1000+ Movies to Watch Before You Die,false,Hold Me While I'm Naked,1966,tt0060511
1000+ Movies to Watch Before You Die,false,Who's Afraid of Virginia Woolf?,1966,tt0061184
1000+ Movies to Watch Before You Die,false,Seconds,1966,tt0060955
1000+ Movies to Watch Before You Die,false,Persona,1966,tt0060827
1000+ Movies to Watch Before You Die,false,Closely Watched Trains,1966,tt0060802
1000+ Movies to Watch Before You Die,false,A Report on the Party and Guests,1966,tt0063371
1000+ Movies to Watch Before You Die,false,Andrei Rublev,1966,tt0060107
1000+ Movies to Watch Before You Die,false,The War Game,1966,tt0059894
1000+ Movies to Watch Before You Die,false,The Battle of Algiers,1966,tt0058946
1000+ Movies to Watch Before You Die,false,Viy,1967,tt0062453
1000+ Movies to Watch Before You Die,false,David Holzman's Diary,1967,tt0062864
1000+ Movies to Watch Before You Die,false,2 or 3 Things I Know About Her,1967,tt0060304
1000+ Movies to Watch Before You Die,false,The Firemen's Ball,1967,tt0061781
1000+ Movies to Watch Before You Die,false,Weekend,1967,tt0062480
1000+ Movies to Watch Before You Die,false,The Samurai,1967,tt0062229
1000+ Movies to Watch Before You Die,false,The Red and the White,1967,tt0061537
1000+ Movies to Watch Before You Die,false,The Producers,1967,tt0063462
1000+ Movies to Watch Before You Die,false,The Jungle Book,1967,tt0061852
1000+ Movies to Watch Before You Die,false,Marketa Lazarová,1967,tt0063278
1000+ Movies to Watch Before You Die,false,In the Heat of the Night,1967,tt0061811
1000+ Movies to Watch Before You Die,false,Wavelength,1967,tt0127354
1000+ Movies to Watch Before You Die,false,Point Blank,1967,tt0062138
1000+ Movies to Watch Before You Die,false,The Graduate,1967,tt0061722
1000+ Movies to Watch Before You Die,false,Playtime,1967,tt0062136
1000+ Movies to Watch Before You Die,false,Cool Hand Luke,1967,tt0061512
1000+ Movies to Watch Before You Die,false,Belle de Jour,1967,tt0061395
1000+ Movies to Watch Before You Die,false,Entranced Earth,1967,tt0062352
1000+ Movies to Watch Before You Die,false,The Young Girls of Rochefort,1967,tt0062873
1000+ Movies to Watch Before You Die,false,Bonnie and Clyde,1967,tt0061418
1000+ Movies to Watch Before You Die,false,Hombre,1967,tt0061770
1000+ Movies to Watch Before You Die,false,Targets,1968,tt0063671
1000+ Movies to Watch Before You Die,false,Once Upon a Time in the West,1968,tt0064116
1000+ Movies to Watch Before You Die,false,Memories of Underdevelopment,1968,tt0063291
1000+ Movies to Watch Before You Die,false,Shame,1968,tt0063611
1000+ Movies to Watch Before You Die,false,Hour of the Wolf,1968,tt0063759
1000+ Movies to Watch Before You Die,false,Faces,1968,tt0062952
1000+ Movies to Watch Before You Die,false,Planet of the Apes,1968,tt0063442
1000+ Movies to Watch Before You Die,false,Rosemary's Baby,1968,tt0063522
1000+ Movies to Watch Before You Die,false,2001: A Space Odyssey,1968,tt0062622
1000+ Movies to Watch Before You Die,false,Night of the Living Dead,1968,tt0063350
1000+ Movies to Watch Before You Die,false,Lucia,1968,tt0064609
1000+ Movies to Watch Before You Die,false,In the Year of the Pig,1968,tt0064482
1000+ Movies to Watch Before You Die,false,If....,1968,tt0063850
1000+ Movies to Watch Before You Die,false,High School,1968,tt0064429
1000+ Movies to Watch Before You Die,false,The Color of Pomegranates,1969,tt0063555
1000+ Movies to Watch Before You Die,false,Z,1969,tt0065234
1000+ Movies to Watch Before You Die,false,The Sorrow and the Pity,1969,tt0066904
1000+ Movies to Watch Before You Die,false,The Cow,1969,tt0064356
1000+ Movies to Watch Before You Die,false,My Night at Maud's,1969,tt0064612
1000+ Movies to Watch Before You Die,false,Fellini Satyricon,1969,tt0064940
1000+ Movies to Watch Before You Die,false,Midnight Cowboy,1969,tt0064665
1000+ Movies to Watch Before You Die,false,Butch Cassidy and the Sundance Kid,1969,tt0064115
1000+ Movies to Watch Before You Die,false,Easy Rider,1969,tt0064276
1000+ Movies to Watch Before You Die,false,Kes,1969,tt0064541
1000+ Movies to Watch Before You Die,false,The Wild Bunch,1969,tt0065214
1000+ Movies to Watch Before You Die,false,Zabriskie Point,1970,tt0066601
1000+ Movies to Watch Before You Die,false,Patton,1970,tt0066206
1000+ Movies to Watch Before You Die,false,Little Big Man,1970,tt0065988
1000+ Movies to Watch Before You Die,false,Deep End,1970,tt0066122
1000+ Movies to Watch Before You Die,false,Five Easy Pieces,1970,tt0065724
1000+ Movies to Watch Before You Die,false,El Topo,1970,tt0067866
1000+ Movies to Watch Before You Die,false,Tristana,1970,tt0066491
1000+ Movies to Watch Before You Die,false,The Bird with the Crystal Plumage,1970,tt0065143
1000+ Movies to Watch Before You Die,false,The Spider's Stratagem,1970,tt0066413
1000+ Movies to Watch Before You Die,false,The Conformist,1970,tt0065571
1000+ Movies to Watch Before You Die,false,The Butcher,1970,tt0064106
1000+ Movies to Watch Before You Die,false,The Garden of the Finzi-Continis,1970,tt0065777
1000+ Movies to Watch Before You Die,false,Wanda,1970,tt0067961
1000+ Movies to Watch Before You Die,false,The Ear,1970,tt0066498
1000+ Movies to Watch Before You Die,false,Gimme Shelter,1970,tt0065780
1000+ Movies to Watch Before You Die,false,Woodstock,1970,tt0066580
1000+ Movies to Watch Before You Die,false,Performance,1970,tt0066214
1000+ Movies to Watch Before You Die,false,M*A*S*H,1970,tt0066026
1000+ Movies to Watch Before You Die,false,Murmur of the Heart,1971,tt0067778
1000+ Movies to Watch Before You Die,false,Dirty Harry,1971,tt0066999
1000+ Movies to Watch Before You Die,false,A Clockwork Orange,1971,tt0066921
1000+ Movies to Watch Before You Die,false,The Devils,1971,tt0066993
1000+ Movies to Watch Before You Die,false,The Hired Hand,1971,tt0067204
1000+ Movies to Watch Before You Die,false,Walkabout,1971,tt0067959
1000+ Movies to Watch Before You Die,false,Klute,1971,tt0067309
1000+ Movies to Watch Before You Die,false,Harold and Maude,1971,tt0067185
1000+ Movies to Watch Before You Die,false,The French Connection,1971,tt0067116
1000+ Movies to Watch Before You Die,false,Get Carter,1971,tt0067128
1000+ Movies to Watch Before You Die,false,Shaft,1971,tt0067741
1000+ Movies to Watch Before You Die,false,Sweet Sweetback's Baadasssss Song,1971,tt0067810
1000+ Movies to Watch Before You Die,false,The Last Picture Show,1971,tt0067328
1000+ Movies to Watch Before You Die,false,Straw Dogs,1971,tt0067800
1000+ Movies to Watch Before You Die,false,Two-Lane Blacktop,1971,tt0067893
1000+ Movies to Watch Before You Die,false,Wake in Fright,1971,tt0067541
1000+ Movies to Watch Before You Die,false,McCabe & Mrs. Miller,1971,tt0067411
1000+ Movies to Watch Before You Die,false,Willy Wonka & the Chocolate Factory,1971,tt0067992
1000+ Movies to Watch Before You Die,false,A Touch of Zen,1971,tt0064451
1000+ Movies to Watch Before You Die,false,WR: Mysteries of the Organism,1971,tt0067958
1000+ Movies to Watch Before You Die,false,Cries & Whispers,1972,tt0069467
1000+ Movies to Watch Before You Die,false,Super Fly,1972,tt0069332
1000+ Movies to Watch Before You Die,false,Sleuth,1972,tt0069281
1000+ Movies to Watch Before You Die,false,Frenzy,1972,tt0068611
1000+ Movies to Watch Before You Die,false,The Heartbreak Kid,1972,tt0068687
1000+ Movies to Watch Before You Die,false,Fat City,1972,tt0068575
1000+ Movies to Watch Before You Die,false,The Godfather,1972,tt0068646
1000+ Movies to Watch Before You Die,true,Cabaret,1972,tt0068327
1000+ Movies to Watch Before You Die,false,Deliverance,1972,tt0068473
1000+ Movies to Watch Before You Die,false,Last Tango in Paris,1972,tt0070849
1000+ Movies to Watch Before You Die,false,Solaris,1972,tt0069293
1000+ Movies to Watch Before You Die,false,Red Psalm,1972,tt0067467
1000+ Movies to Watch Before You Die,false,The Discreet Charm of the Bourgeoisie,1972,tt0068361
1000+ Movies to Watch Before You Die,false,The Bitter Tears of Petra von Kant,1972,tt0068278
1000+ Movies to Watch Before You Die,false,"Aguirre, the Wrath of God",1972,tt0068182
1000+ Movies to Watch Before You Die,false,The Harder They Come,1972,tt0070155
1000+ Movies to Watch Before You Die,false,Pink Flamingos,1972,tt0069089
1000+ Movies to Watch Before You Die,false,The Long Goodbye,1973,tt0070334
1000+ Movies to Watch Before You Die,false,The Sting,1973,tt0070735
1000+ Movies to Watch Before You Die,false,The Spirit of the Beehive,1973,tt0070040
1000+ Movies to Watch Before You Die,false,The Mother and the Whore,1973,tt0070359
1000+ Movies to Watch Before You Die,false,Day for Night,1973,tt0070460
1000+ Movies to Watch Before You Die,false,Fantastic Planet,1973,tt0070544
1000+ Movies to Watch Before You Die,false,Turkish Delight,1973,tt0070842
1000+ Movies to Watch Before You Die,false,F for Fake,1973,tt0072962
1000+ Movies to Watch Before You Die,false,High Plains Drifter,1973,tt0068699
1000+ Movies to Watch Before You Die,false,Badlands,1973,tt0069762
1000+ Movies to Watch Before You Die,false,American Graffiti,1973,tt0069704
1000+ Movies to Watch Before You Die,false,Papillon,1973,tt0070511
1000+ Movies to Watch Before You Die,false,The Wicker Man,1973,tt0070917
1000+ Movies to Watch Before You Die,false,Enter the Dragon,1973,tt0070034
1000+ Movies to Watch Before You Die,false,Serpico,1973,tt0070666
1000+ Movies to Watch Before You Die,false,Don't Look Now,1973,tt0069995
1000+ Movies to Watch Before You Die,false,Mean Streets,1973,tt0070379
1000+ Movies to Watch Before You Die,false,Sleeper,1973,tt0070707
1000+ Movies to Watch Before You Die,false,The Exorcist,1973,tt0070047
1000+ Movies to Watch Before You Die,false,Amarcord,1973,tt0071129
1000+ Movies to Watch Before You Die,false,Pat Garrett & Billy the Kid,1973,tt0070518
1000+ Movies to Watch Before You Die,false,Bring Me the Head of Alfredo Garcia,1974,tt0071249
1000+ Movies to Watch Before You Die,false,The Conversation,1974,tt0071360
1000+ Movies to Watch Before You Die,false,Chinatown,1974,tt0071315
1000+ Movies to Watch Before You Die,false,A Woman Under the Influence,1974,tt0072417
1000+ Movies to Watch Before You Die,false,Young Frankenstein,1974,tt0072431
1000+ Movies to Watch Before You Die,false,The Texas Chain Saw Massacre,1974,tt0072271
1000+ Movies to Watch Before You Die,false,Blazing Saddles,1974,tt0071230
1000+ Movies to Watch Before You Die,false,Ali: Fear Eats the Soul,1974,tt0071141
1000+ Movies to Watch Before You Die,false,Celine and Julie Go Boating,1974,tt0071381
1000+ Movies to Watch Before You Die,false,The Towering Inferno,1974,tt0072308
1000+ Movies to Watch Before You Die,false,The Godfather Part II,1974,tt0071562
1000+ Movies to Watch Before You Die,false,Manila in the Claws of Light,1975,tt0073363
1000+ Movies to Watch Before You Die,false,"Salò, or the 120 Days of Sodom",1975,tt0073650
1000+ Movies to Watch Before You Die,false,The Travelling Players,1975,tt0073800
1000+ Movies to Watch Before You Die,false,Fox and His Friends,1975,tt0072976
1000+ Movies to Watch Before You Die,false,Mirror,1975,tt0072443
1000+ Movies to Watch Before You Die,false,Dersu Uzala,1975,tt0071411
1000+ Movies to Watch Before You Die,false,Barry Lyndon,1975,tt0072684
1000+ Movies to Watch Before You Die,false,The Rocky Horror Picture Show,1975,tt0073629
1000+ Movies to Watch Before You Die,false,"Jeanne Dielman, 23, quai du commerce, 1080 Bruxelles",1975,tt0073198
1000+ Movies to Watch Before You Die,false,Monty Python and the Holy Grail,1975,tt0071853
1000+ Movies to Watch Before You Die,false,Dog Day Afternoon,1975,tt0072890
1000+ Movies to Watch Before You Die,false,One Flew Over the Cuckoo's Nest,1975,tt0073486
1000+ Movies to Watch Before You Die,false,Nashville,1975,tt0073440
1000+ Movies to Watch Before You Die,false,Picnic at Hanging Rock,1975,tt0073540
1000+ Movies to Watch Before You Die,false,India Song,1975,tt0073166
1000+ Movies to Watch Before You Die,false,Jaws,1975,tt0073195
1000+ Movies to Watch Before You Die,false,Cría Cuervos,1976,tt0074360
1000+ Movies to Watch Before You Die,false,Taxi Driver,1976,tt0075314
1000+ Movies to Watch Before You Die,false,Carrie,1976,tt0074285
1000+ Movies to Watch Before You Die,false,Network,1976,tt0074958
1000+ Movies to Watch Before You Die,false,The Killing of a Chinese Bookie,1976,tt0074749
1000+ Movies to Watch Before You Die,false,The Outlaw Josey Wales,1976,tt0075029
1000+ Movies to Watch Before You Die,false,All the President's Men,1976,tt0074119
1000+ Movies to Watch Before You Die,false,The Man Who Fell to Earth,1976,tt0074851
1000+ Movies to Watch Before You Die,false,1900,1976,tt0074084
1000+ Movies to Watch Before You Die,false,In the Realm of the Senses,1976,tt0074102
1000+ Movies to Watch Before You Die,false,Rocky,1976,tt0075148
1000+ Movies to Watch Before You Die,false,Soldier of Orange,1977,tt0076734
1000+ Movies to Watch Before You Die,false,Man of Marble,1977,tt0075902
1000+ Movies to Watch Before You Die,false,The American Friend,1977,tt0075675
1000+ Movies to Watch Before You Die,false,The Ascent,1977,tt0075404
1000+ Movies to Watch Before You Die,false,Close Encounters of the Third Kind,1977,tt0075860
1000+ Movies to Watch Before You Die,false,The Last Wave,1977,tt0076299
1000+ Movies to Watch Before You Die,true,Star Wars: Episode IV - A New Hope,1977,tt0076759
1000+ Movies to Watch Before You Die,false,Stroszek,1977,tt0075276
1000+ Movies to Watch Before You Die,false,Ceddo,1977,tt0077309
1000+ Movies to Watch Before You Die,false,Annie Hall,1977,tt0075686
1000+ Movies to Watch Before You Die,false,Suspiria,1977,tt0076786
1000+ Movies to Watch Before You Die,false,Sleeping Dogs,1977,tt0076725
1000+ Movies to Watch Before You Die,false,Last Chants for a Slow Dance,1977,tt0076293
1000+ Movies to Watch Before You Die,false,Saturday Night Fever,1977,tt0076666
1000+ Movies to Watch Before You Die,false,Eraserhead,1977,tt0074486
1000+ Movies to Watch Before You Die,false,The Hills Have Eyes,1977,tt0077681
1000+ Movies to Watch Before You Die,false,Halloween,1978,tt0077651
1000+ Movies to Watch Before You Die,false,Five Deadly Venoms,1978,tt0077559
1000+ Movies to Watch Before You Die,false,The Tree of Wooden Clogs,1978,tt0077138
1000+ Movies to Watch Before You Die,false,Killer of Sheep,1978,tt0076263
1000+ Movies to Watch Before You Die,false,Grease,1978,tt0077631
1000+ Movies to Watch Before You Die,false,Up in Smoke,1978,tt0078446
1000+ Movies to Watch Before You Die,false,The 36th Chamber of Shaolin,1978,tt0078243
1000+ Movies to Watch Before You Die,false,Dawn of the Dead,1978,tt0077402
1000+ Movies to Watch Before You Die,false,The Deer Hunter,1978,tt0077416
1000+ Movies to Watch Before You Die,false,The Chant of Jimmie Blacksmith,1978,tt0077318
1000+ Movies to Watch Before You Die,false,Days of Heaven,1978,tt0077405
1000+ Movies to Watch Before You Die,false,Breaking Away,1979,tt0078902
1000+ Movies to Watch Before You Die,false,Real Life,1979,tt0079781
1000+ Movies to Watch Before You Die,false,Life of Brian,1979,tt0079470
1000+ Movies to Watch Before You Die,false,The Tin Drum,1979,tt0078875
1000+ Movies to Watch Before You Die,false,The Marriage of Maria Braun,1979,tt0079095
1000+ Movies to Watch Before You Die,false,My Brilliant Career,1979,tt0079596
1000+ Movies to Watch Before You Die,true,Nosferatu the Vampyre,1979,tt0079641
1000+ Movies to Watch Before You Die,false,Kramer vs. Kramer,1979,tt0079417
1000+ Movies to Watch Before You Die,false,Christ Stopped at Eboli,1979,tt0079010
1000+ Movies to Watch Before You Die,false,The Jerk,1979,tt0079367
1000+ Movies to Watch Before You Die,false,Mad Max,1979,tt0079501
1000+ Movies to Watch Before You Die,false,The Muppet Movie,1979,tt0079588
1000+ Movies to Watch Before You Die,false,All That Jazz,1979,tt0078754
1000+ Movies to Watch Before You Die,false,Apocalypse Now,1979,tt0078788
1000+ Movies to Watch Before You Die,false,Stalker,1979,tt0079944
1000+ Movies to Watch Before You Die,false,Manhattan,1979,tt0079522
1000+ Movies to Watch Before You Die,false,Being There,1979,tt0078841
1000+ Movies to Watch Before You Die,false,Alien,1979,tt0078748
1000+ Movies to Watch Before You Die,false,Raging Bull,1980,tt0081398
1000+ Movies to Watch Before You Die,false,Atlantic City,1980,tt0080388
1000+ Movies to Watch Before You Die,false,Ordinary People,1980,tt0081283
1000+ Movies to Watch Before You Die,false,The Elephant Man,1980,tt0080678
1000+ Movies to Watch Before You Die,false,The Big Red One,1980,tt0080437
1000+ Movies to Watch Before You Die,false,Loulou,1980,tt0081076
1000+ Movies to Watch Before You Die,false,Airplane!,1980,tt0080339
1000+ Movies to Watch Before You Die,true,Star Wars: Episode V - The Empire Strikes Back,1980,tt0080684
1000+ Movies to Watch Before You Die,false,The Shining,1980,tt0081505
1000+ Movies to Watch Before You Die,false,The Last Metro,1980,tt0080610
1000+ Movies to Watch Before You Die,false,Man of Iron,1981,tt0082222
1000+ Movies to Watch Before You Die,false,Too Early/Too Late,1981,tt0083230
1000+ Movies to Watch Before You Die,false,Reds,1981,tt0082979
1000+ Movies to Watch Before You Die,false,Body Heat,1981,tt0082089
1000+ Movies to Watch Before You Die,false,Chariots of Fire,1981,tt0082158
1000+ Movies to Watch Before You Die,false,An American Werewolf in London,1981,tt0082010
1000+ Movies to Watch Before You Die,false,Diva,1981,tt0082269
1000+ Movies to Watch Before You Die,false,Gallipoli,1981,tt0082432
1000+ Movies to Watch Before You Die,false,Raiders of the Lost Ark,1981,tt0082971
1000+ Movies to Watch Before You Die,false,The Boat,1981,tt0082096
1000+ Movies to Watch Before You Die,false,Three Brothers,1981,tt0083226
1000+ Movies to Watch Before You Die,false,The Evil Dead,1981,tt0083907
1000+ Movies to Watch Before You Die,false,The King of Comedy,1982,tt0085794
1000+ Movies to Watch Before You Die,false,The Draughtsman's Contract,1982,tt0083851
1000+ Movies to Watch Before You Die,false,Poltergeist,1982,tt0084516
1000+ Movies to Watch Before You Die,false,Yol,1982,tt0084934
1000+ Movies to Watch Before You Die,false,Blade Runner,1982,tt0083658
1000+ Movies to Watch Before You Die,false,Diner,1982,tt0083833
1000+ Movies to Watch Before You Die,false,Tootsie,1982,tt0084805
1000+ Movies to Watch Before You Die,false,Fitzcarraldo,1982,tt0083946
1000+ Movies to Watch Before You Die,false,Gandhi,1982,tt0083987
1000+ Movies to Watch Before You Die,false,The Thing,1982,tt0084787
1000+ Movies to Watch Before You Die,false,A Question of Silence,1982,tt0086369
1000+ Movies to Watch Before You Die,false,Fast Times at Ridgemont High,1982,tt0083929
1000+ Movies to Watch Before You Die,false,Koyaanisqatsi,1982,tt0085809
1000+ Movies to Watch Before You Die,false,Fanny and Alexander,1982,tt0083922
1000+ Movies to Watch Before You Die,false,The Night of the Shooting Stars,1982,tt0084422
1000+ Movies to Watch Before You Die,false,E.T. the Extra-Terrestrial,1982,tt0083866
1000+ Movies to Watch Before You Die,false,Local Hero,1983,tt0085859
1000+ Movies to Watch Before You Die,false,Videodrome,1983,tt0086541
1000+ Movies to Watch Before You Die,false,El Norte,1983,tt0085482
1000+ Movies to Watch Before You Die,false,Terms of Endearment,1983,tt0086425
1000+ Movies to Watch Before You Die,false,The Big Chill,1983,tt0085244
1000+ Movies to Watch Before You Die,false,The Right Stuff,1983,tt0086197
1000+ Movies to Watch Before You Die,false,A Christmas Story,1983,tt0085334
1000+ Movies to Watch Before You Die,false,The Ballad of Narayama,1983,tt0084390
1000+ Movies to Watch Before You Die,false,The Last Battle,1983,tt0085426
1000+ Movies to Watch Before You Die,false,Utu,1983,tt0086497
1000+ Movies to Watch Before You Die,true,Star Wars: Episode VI - Return of the Jedi,1983,tt0086190
1000+ Movies to Watch Before You Die,false,The 4th Man,1983,tt0086543
1000+ Movies to Watch Before You Die,false,Scarface,1983,tt0086250
1000+ Movies to Watch Before You Die,false,Beverly Hills Cop,1984,tt0086960
1000+ Movies to Watch Before You Die,false,Once Upon a Time in America,1984,tt0087843
1000+ Movies to Watch Before You Die,false,The Terminator,1984,tt0088247
1000+ Movies to Watch Before You Die,false,The Natural,1984,tt0087781
1000+ Movies to Watch Before You Die,false,Ghostbusters,1984,tt0087332
1000+ Movies to Watch Before You Die,false,"Paris, Texas",1984,tt0087884
1000+ Movies to Watch Before You Die,false,A Nightmare on Elm Street,1984,tt0087800
1000+ Movies to Watch Before You Die,false,This Is Spinal Tap,1984,tt0088258
1000+ Movies to Watch Before You Die,false,A Passage to India,1984,tt0087892
1000+ Movies to Watch Before You Die,false,The Killing Fields,1984,tt0087553
1000+ Movies to Watch Before You Die,false,Stranger Than Paradise,1984,tt0088184
1000+ Movies to Watch Before You Die,false,Amadeus,1984,tt0086879
1000+ Movies to Watch Before You Die,false,Tampopo,1985,tt0092048
1000+ Movies to Watch Before You Die,false,A Room with a View,1985,tt0091867
1000+ Movies to Watch Before You Die,false,Shoah,1985,tt0090015
1000+ Movies to Watch Before You Die,false,Come and See,1985,tt0091251
1000+ Movies to Watch Before You Die,false,The Official Story,1985,tt0089276
1000+ Movies to Watch Before You Die,false,Vagabond,1985,tt0089960
1000+ Movies to Watch Before You Die,false,Prizzi's Honor,1985,tt0089841
1000+ Movies to Watch Before You Die,false,The Breakfast Club,1985,tt0088847
1000+ Movies to Watch Before You Die,false,Mishima: A Life in Four Chapters,1985,tt0089603
1000+ Movies to Watch Before You Die,false,Out of Africa,1985,tt0089755
1000+ Movies to Watch Before You Die,false,Ran,1985,tt0089881
1000+ Movies to Watch Before You Die,false,Back to the Future,1985,tt0088763
1000+ Movies to Watch Before You Die,false,Brazil,1985,tt0088846
1000+ Movies to Watch Before You Die,false,Kiss of the Spider Woman,1985,tt0089424
1000+ Movies to Watch Before You Die,false,The Quiet Earth,1985,tt0089869
1000+ Movies to Watch Before You Die,false,The Purple Rose of Cairo,1985,tt0089853
1000+ Movies to Watch Before You Die,false,The Color Purple,1985,tt0088939
1000+ Movies to Watch Before You Die,false,A Time to Live and a Time to Die,1985,tt0090185
1000+ Movies to Watch Before You Die,false,Sherman's March,1985,tt0091943
1000+ Movies to Watch Before You Die,false,Caravaggio,1986,tt0090798
1000+ Movies to Watch Before You Die,false,The Horse Thief,1986,tt0090907
1000+ Movies to Watch Before You Die,false,Peking Opera Blues,1986,tt0090952
1000+ Movies to Watch Before You Die,false,The Decline of the American Empire,1986,tt0090985
1000+ Movies to Watch Before You Die,false,Manhunter,1986,tt0091474
1000+ Movies to Watch Before You Die,false,Blue Velvet,1986,tt0090756
1000+ Movies to Watch Before You Die,false,Hannah and Her Sisters,1986,tt0091167
1000+ Movies to Watch Before You Die,false,She's Gotta Have It,1986,tt0091939
1000+ Movies to Watch Before You Die,false,Children of a Lesser God,1986,tt0090830
1000+ Movies to Watch Before You Die,false,Salvador,1986,tt0091886
1000+ Movies to Watch Before You Die,false,Platoon,1986,tt0091763
1000+ Movies to Watch Before You Die,false,Down by Law,1986,tt0090967
1000+ Movies to Watch Before You Die,false,Aliens,1986,tt0090605
1000+ Movies to Watch Before You Die,false,Ferris Bueller's Day Off,1986,tt0091042
1000+ Movies to Watch Before You Die,false,The Fly,1986,tt0091064
1000+ Movies to Watch Before You Die,false,Top Gun,1986,tt0092099
1000+ Movies to Watch Before You Die,false,Stand by Me,1986,tt0092005
1000+ Movies to Watch Before You Die,false,Henry: Portrait of a Serial Killer,1986,tt0099763
1000+ Movies to Watch Before You Die,false,Project A 2,1987,tt0092501
1000+ Movies to Watch Before You Die,false,The Dead,1987,tt0092843
1000+ Movies to Watch Before You Die,false,RoboCop,1987,tt0093870
1000+ Movies to Watch Before You Die,false,Housekeeping,1987,tt0093225
1000+ Movies to Watch Before You Die,false,Fatal Attraction,1987,tt0093010
1000+ Movies to Watch Before You Die,false,The Untouchables,1987,tt0094226
1000+ Movies to Watch Before You Die,false,Wall Street,1987,tt0094291
1000+ Movies to Watch Before You Die,false,Moonstruck,1987,tt0093565
1000+ Movies to Watch Before You Die,false,"Good Morning, Vietnam",1987,tt0093105
1000+ Movies to Watch Before You Die,false,Broadcast News,1987,tt0092699
1000+ Movies to Watch Before You Die,false,Full Metal Jacket,1987,tt0093058
1000+ Movies to Watch Before You Die,false,The Princess Bride,1987,tt0093779
1000+ Movies to Watch Before You Die,false,Raising Arizona,1987,tt0093822
1000+ Movies to Watch Before You Die,false,A Chinese Ghost Story,1987,tt0093978
1000+ Movies to Watch Before You Die,false,Wings of Desire,1987,tt0093191
1000+ Movies to Watch Before You Die,false,Babette's Feast,1987,tt0092603
1000+ Movies to Watch Before You Die,false,"Goodbye, Children",1987,tt0092593
1000+ Movies to Watch Before You Die,false,Withnail & I,1987,tt0094336
1000+ Movies to Watch Before You Die,false,Die Hard,1988,tt0095016
1000+ Movies to Watch Before You Die,false,Red Sorghum,1988,tt0093206
1000+ Movies to Watch Before You Die,false,Grave of the Fireflies,1988,tt0095327
1000+ Movies to Watch Before You Die,false,Women on the Verge of a Nervous Breakdown,1988,tt0095675
1000+ Movies to Watch Before You Die,false,Alice,1988,tt0095715
1000+ Movies to Watch Before You Die,false,Cinema Paradiso,1988,tt0095765
1000+ Movies to Watch Before You Die,false,The Vanishing,1988,tt0096163
1000+ Movies to Watch Before You Die,false,Landscape in the Mist,1988,tt0096288
1000+ Movies to Watch Before You Die,false,A Tale of the Wind,1988,tt0096337
1000+ Movies to Watch Before You Die,false,Bull Durham,1988,tt0094812
1000+ Movies to Watch Before You Die,false,Ariel,1988,tt0094675
1000+ Movies to Watch Before You Die,false,The Thin Blue Line,1988,tt0096257
1000+ Movies to Watch Before You Die,false,Akira,1988,tt0094625
1000+ Movies to Watch Before You Die,false,A Fish Called Wanda,1988,tt0095159
1000+ Movies to Watch Before You Die,false,The Naked Gun: From the Files of Police Squad!,1988,tt0095705
1000+ Movies to Watch Before You Die,false,Big,1988,tt0094737
1000+ Movies to Watch Before You Die,true,Who Framed Roger Rabbit,1988,tt0096438
1000+ Movies to Watch Before You Die,false,Rain Man,1988,tt0095953
1000+ Movies to Watch Before You Die,false,Dangerous Liaisons,1988,tt0094947
1000+ Movies to Watch Before You Die,false,Dead Ringers,1988,tt0094964
1000+ Movies to Watch Before You Die,false,"Distant Voices, Still Lives",1988,tt0095037
1000+ Movies to Watch Before You Die,false,The Accidental Tourist,1988,tt0094606
1000+ Movies to Watch Before You Die,false,Drowning by Numbers,1988,tt0092929
1000+ Movies to Watch Before You Die,false,Hôtel Terminus,1988,tt0095341
1000+ Movies to Watch Before You Die,false,Story of Women,1988,tt0096336
1000+ Movies to Watch Before You Die,false,"Sex, Lies, and Videotape",1989,tt0098724
1000+ Movies to Watch Before You Die,false,Tongues Untied,1989,tt0103099
1000+ Movies to Watch Before You Die,false,Roger & Me,1989,tt0098213
1000+ Movies to Watch Before You Die,false,Tetsuo: The Iron Man,1989,tt0096251
1000+ Movies to Watch Before You Die,false,"The Cook, the Thief, His Wife & Her Lover",1989,tt0097108
1000+ Movies to Watch Before You Die,false,The Decalogue,1989,tt0092337
1000+ Movies to Watch Before You Die,false,The Asthenic Syndrome,1989,tt0096841
1000+ Movies to Watch Before You Die,false,A City of Sadness,1989,tt0096908
1000+ Movies to Watch Before You Die,false,The Killer,1989,tt0097202
1000+ Movies to Watch Before You Die,true,When Harry Met Sally...,1989,tt0098635
1000+ Movies to Watch Before You Die,false,Crimes and Misdemeanors,1989,tt0097123
1000+ Movies to Watch Before You Die,false,Batman,1989,tt0096895
1000+ Movies to Watch Before You Die,false,Field of Dreams,1989,tt0097351
1000+ Movies to Watch Before You Die,false,Glory,1989,tt0097441
1000+ Movies to Watch Before You Die,false,My Left Foot,1989,tt0097937
1000+ Movies to Watch Before You Die,false,Drugstore Cowboy,1989,tt0097240
1000+ Movies to Watch Before You Die,false,Do the Right Thing,1989,tt0097216
1000+ Movies to Watch Before You Die,false,The Unbelievable Truth,1989,tt0100842
1000+ Movies to Watch Before You Die,false,Say Anything,1989,tt0098258
1000+ Movies to Watch Before You Die,false,Slacker,1990,tt0102943
1000+ Movies to Watch Before You Die,false,Close-Up,1990,tt0100234
1000+ Movies to Watch Before You Die,false,"No Fear, No Die",1990,tt0100536
1000+ Movies to Watch Before You Die,false,Trust,1990,tt0103130
1000+ Movies to Watch Before You Die,true,Goodfellas,1990,tt0099685
1000+ Movies to Watch Before You Die,false,King of New York,1990,tt0099939
1000+ Movies to Watch Before You Die,false,Pretty Woman,1990,tt0100405
1000+ Movies to Watch Before You Die,false,Dances with Wolves,1990,tt0099348
1000+ Movies to Watch Before You Die,false,Archangel,1990,tt0099053
1000+ Movies to Watch Before You Die,true,Total Recall,1990,tt0100802
1000+ Movies to Watch Before You Die,true,Edward Scissorhands,1990,tt0099487
1000+ Movies to Watch Before You Die,false,Reversal of Fortune,1990,tt0100486
1000+ Movies to Watch Before You Die,false,Jacob's Ladder,1990,tt0099871
1000+ Movies to Watch Before You Die,false,Hearts of Darkness: A Filmmaker's Apocalypse,1991,tt0102015
1000+ Movies to Watch Before You Die,true,Terminator 2: Judgment Day,1991,tt0103064
1000+ Movies to Watch Before You Die,false,The Silence of the Lambs,1991,tt0102926
1000+ Movies to Watch Before You Die,false,My Own Private Idaho,1991,tt0102494
1000+ Movies to Watch Before You Die,false,JFK,1991,tt0102138
1000+ Movies to Watch Before You Die,false,The Rapture,1991,tt0102757
1000+ Movies to Watch Before You Die,false,Boyz n the Hood,1991,tt0101507
1000+ Movies to Watch Before You Die,false,Once Upon a Time in China,1991,tt0103285
1000+ Movies to Watch Before You Die,false,The Double Life of Véronique,1991,tt0101765
1000+ Movies to Watch Before You Die,false,Europa,1991,tt0101829
1000+ Movies to Watch Before You Die,false,Raise the Red Lantern,1991,tt0101640
1000+ Movies to Watch Before You Die,false,A Brighter Summer Day,1991,tt0101985
1000+ Movies to Watch Before You Die,false,Center Stage,1991,tt0102816
1000+ Movies to Watch Before You Die,false,Thelma & Louise,1991,tt0103074
1000+ Movies to Watch Before You Die,false,Naked Lunch,1991,tt0102511
1000+ Movies to Watch Before You Die,false,Delicatessen,1991,tt0101700
1000+ Movies to Watch Before You Die,false,Candyman,1992,tt0103919
1000+ Movies to Watch Before You Die,false,A Tale of Winter,1992,tt0104008
1000+ Movies to Watch Before You Die,false,Romper Stomper,1992,tt0105275
1000+ Movies to Watch Before You Die,false,Strictly Ballroom,1992,tt0105488
1000+ Movies to Watch Before You Die,false,The Player,1992,tt0105151
1000+ Movies to Watch Before You Die,false,Reservoir Dogs,1992,tt0105236
1000+ Movies to Watch Before You Die,false,Glengarry Glen Ross,1992,tt0104348
1000+ Movies to Watch Before You Die,false,Unforgiven,1992,tt0105695
1000+ Movies to Watch Before You Die,false,The Crying Game,1992,tt0104036
1000+ Movies to Watch Before You Die,false,Bram Stoker's Dracula,1992,tt0103874
1000+ Movies to Watch Before You Die,false,Man Bites Dog,1992,tt0103905
1000+ Movies to Watch Before You Die,false,Aileen Wuornos: Selling of a Serial Killer,1992,tt0103634
1000+ Movies to Watch Before You Die,false,Farewell My Concubine,1993,tt0106332
1000+ Movies to Watch Before You Die,false,The Age of Innocence,1993,tt0106226
1000+ Movies to Watch Before You Die,false,Jurassic Park,1993,tt0107290
1000+ Movies to Watch Before You Die,false,Thirty Two Short Films About Glenn Gould,1993,tt0108328
1000+ Movies to Watch Before You Die,false,The Piano,1993,tt0107822
1000+ Movies to Watch Before You Die,false,Groundhog Day,1993,tt0107048
1000+ Movies to Watch Before You Die,true,Schindler's List,1993,tt0108052
1000+ Movies to Watch Before You Die,false,Short Cuts,1993,tt0108122
1000+ Movies to Watch Before You Die,false,Philadelphia,1993,tt0107818
1000+ Movies to Watch Before You Die,false,Three Colors: Blue,1993,tt0108394
1000+ Movies to Watch Before You Die,false,The Blue Kite,1993,tt0107358
1000+ Movies to Watch Before You Die,false,The Puppetmaster,1993,tt0107157
1000+ Movies to Watch Before You Die,false,The Wedding Banquet,1993,tt0107156
1000+ Movies to Watch Before You Die,false,Dear Diary,1993,tt0109382
1000+ Movies to Watch Before You Die,false,Lamerica,1994,tt0110299
1000+ Movies to Watch Before You Die,false,Chungking Express,1994,tt0109424
1000+ Movies to Watch Before You Die,false,The Kingdom,1994,tt0108906
1000+ Movies to Watch Before You Die,false,Three Colors: Red,1994,tt0111495
1000+ Movies to Watch Before You Die,false,Through the Olive Trees,1994,tt0111845
1000+ Movies to Watch Before You Die,false,The Lion King,1994,tt0110357
1000+ Movies to Watch Before You Die,false,The Last Seduction,1994,tt0110308
1000+ Movies to Watch Before You Die,false,Crumb,1994,tt0109508
1000+ Movies to Watch Before You Die,false,Heavenly Creatures,1994,tt0110005
1000+ Movies to Watch Before You Die,false,Pulp Fiction,1994,tt0110912
1000+ Movies to Watch Before You Die,false,Natural Born Killers,1994,tt0110632
1000+ Movies to Watch Before You Die,false,Muriel's Wedding,1994,tt0110598
1000+ Movies to Watch Before You Die,false,"The Adventures of Priscilla, Queen of the Desert",1994,tt0109045
1000+ Movies to Watch Before You Die,false,Hoop Dreams,1994,tt0110057
1000+ Movies to Watch Before You Die,false,Satantango,1994,tt0111341
1000+ Movies to Watch Before You Die,false,Clerks,1994,tt0109445
1000+ Movies to Watch Before You Die,false,Four Weddings and a Funeral,1994,tt0109831
1000+ Movies to Watch Before You Die,false,Forrest Gump,1994,tt0109830
1000+ Movies to Watch Before You Die,false,The Shawshank Redemption,1994,tt0111161
1000+ Movies to Watch Before You Die,false,Wild Reeds,1994,tt0111019
1000+ Movies to Watch Before You Die,false,Smoke,1995,tt0114478
1000+ Movies to Watch Before You Die,false,Strange Days,1995,tt0114558
1000+ Movies to Watch Before You Die,false,The Pillow Book,1995,tt0114134
1000+ Movies to Watch Before You Die,false,Dilwale Dulhania Le Jayenge,1995,tt0112870
1000+ Movies to Watch Before You Die,false,Safe,1995,tt0114323
1000+ Movies to Watch Before You Die,true,Clueless,1995,tt0112697
1000+ Movies to Watch Before You Die,false,Underground,1995,tt0114787
1000+ Movies to Watch Before You Die,false,Se7en,1995,tt0114369
1000+ Movies to Watch Before You Die,false,Babe,1995,tt0112431
1000+ Movies to Watch Before You Die,false,Deseret,1995,tt0131356
1000+ Movies to Watch Before You Die,false,Braveheart,1995,tt0112573
1000+ Movies to Watch Before You Die,false,Cyclo,1995,tt0112767
1000+ Movies to Watch Before You Die,false,Zero Kelvin,1995,tt0113557
1000+ Movies to Watch Before You Die,false,The White Balloon,1995,tt0112445
1000+ Movies to Watch Before You Die,false,Casino,1995,tt0112641
1000+ Movies to Watch Before You Die,false,The Usual Suspects,1995,tt0114814
1000+ Movies to Watch Before You Die,false,Dead Man,1995,tt0112817
1000+ Movies to Watch Before You Die,false,Toy Story,1995,tt0114709
1000+ Movies to Watch Before You Die,false,Heat,1995,tt0113277
1000+ Movies to Watch Before You Die,false,Secrets & Lies,1996,tt0117589
1000+ Movies to Watch Before You Die,false,Trainspotting,1996,tt0117951
1000+ Movies to Watch Before You Die,false,Fargo,1996,tt0116282
1000+ Movies to Watch Before You Die,false,Gabbeh,1996,tt0116384
1000+ Movies to Watch Before You Die,false,Shine,1996,tt0117631
1000+ Movies to Watch Before You Die,false,Scream,1996,tt0117571
1000+ Movies to Watch Before You Die,false,The English Patient,1996,tt0116209
1000+ Movies to Watch Before You Die,false,Lone Star,1996,tt0116905
1000+ Movies to Watch Before You Die,false,Breaking the Waves,1996,tt0115751
1000+ Movies to Watch Before You Die,true,Independence Day,1996,tt0116629
1000+ Movies to Watch Before You Die,false,Three Lives and Only One Death,1996,tt0117968
1000+ Movies to Watch Before You Die,false,Boogie Nights,1997,tt0118749
1000+ Movies to Watch Before You Die,false,Open Your Eyes,1997,tt0125659
1000+ Movies to Watch Before You Die,false,Happy Together,1997,tt0118845
1000+ Movies to Watch Before You Die,false,Mother and Son,1997,tt0119711
1000+ Movies to Watch Before You Die,false,Princess Mononoke,1997,tt0119698
1000+ Movies to Watch Before You Die,false,Taste of Cherry,1997,tt0120265
1000+ Movies to Watch Before You Die,false,The Ice Storm,1997,tt0119349
1000+ Movies to Watch Before You Die,false,L.A. Confidential,1997,tt0119488
1000+ Movies to Watch Before You Die,false,Funny Games,1997,tt0119167
1000+ Movies to Watch Before You Die,false,The Sweet Hereafter,1997,tt0120255
1000+ Movies to Watch Before You Die,false,Titanic,1997,tt0120338
1000+ Movies to Watch Before You Die,false,Deconstructing Harry,1997,tt0118954
1000+ Movies to Watch Before You Die,false,The Butcher Boy,1997,tt0118804
1000+ Movies to Watch Before You Die,false,Kundun,1997,tt0119485
1000+ Movies to Watch Before You Die,false,Fireworks,1997,tt0119250
1000+ Movies to Watch Before You Die,false,"Fast, Cheap & Out of Control",1997,tt0119107
1000+ Movies to Watch Before You Die,false,Buffalo '66,1998,tt0118789
1000+ Movies to Watch Before You Die,false,The Idiots,1998,tt0154421
1000+ Movies to Watch Before You Die,false,Run Lola Run,1998,tt0130827
1000+ Movies to Watch Before You Die,false,The Ring,1998,tt0178868
1000+ Movies to Watch Before You Die,false,Saving Private Ryan,1998,tt0120815
1000+ Movies to Watch Before You Die,false,Pi,1998,tt0138704
1000+ Movies to Watch Before You Die,false,Rushmore,1998,tt0128445
1000+ Movies to Watch Before You Die,false,The Big Lebowski,1998,tt0118715
1000+ Movies to Watch Before You Die,false,There's Something About Mary,1998,tt0129387
1000+ Movies to Watch Before You Die,false,Sombre,1998,tt0166808
1000+ Movies to Watch Before You Die,false,"Lock, Stock and Two Smoking Barrels",1998,tt0120735
1000+ Movies to Watch Before You Die,false,The Thin Red Line,1998,tt0120863
1000+ Movies to Watch Before You Die,false,Happiness,1998,tt0147612
1000+ Movies to Watch Before You Die,false,The Celebration,1998,tt0154420
1000+ Movies to Watch Before You Die,false,Marcel Proust's Time Regained,1999,tt0189142
1000+ Movies to Watch Before You Die,false,Eyes Wide Shut,1999,tt0120663
1000+ Movies to Watch Before You Die,false,Audition,1999,tt0235198
1000+ Movies to Watch Before You Die,false,Magnolia,1999,tt0175880
1000+ Movies to Watch Before You Die,false,Three Kings,1999,tt0120188
1000+ Movies to Watch Before You Die,false,The Sixth Sense,1999,tt0167404
1000+ Movies to Watch Before You Die,false,Being John Malkovich,1999,tt0120601
1000+ Movies to Watch Before You Die,true,The Blair Witch Project,1999,tt0185937
1000+ Movies to Watch Before You Die,false,Toy Story 2,1999,tt0120363
1000+ Movies to Watch Before You Die,false,Taboo,1999,tt0213682
1000+ Movies to Watch Before You Die,false,All About My Mother,1999,tt0185125
1000+ Movies to Watch Before You Die,false,Attack the Gas Station,1999,tt0262246
1000+ Movies to Watch Before You Die,false,American Beauty,1999,tt0169547
1000+ Movies to Watch Before You Die,false,Beau Travail,1999,tt0209933
1000+ Movies to Watch Before You Die,false,The Matrix,1999,tt0133093
1000+ Movies to Watch Before You Die,false,Rosetta,1999,tt0200071
1000+ Movies to Watch Before You Die,false,The Wind Will Carry Us,1999,tt0209463
1000+ Movies to Watch Before You Die,true,Fight Club,1999,tt0137523
1000+ Movies to Watch Before You Die,false,Dancer in the Dark,2000,tt0168629
1000+ Movies to Watch Before You Die,false,The Gleaners & I,2000,tt0247380
1000+ Movies to Watch Before You Die,false,"O Brother, Where Art Thou?",2000,tt0190590
1000+ Movies to Watch Before You Die,false,The Captive,2000,tt0216605
1000+ Movies to Watch Before You Die,false,Nine Queens,2000,tt0247586
1000+ Movies to Watch Before You Die,false,Ali Zaoua: Prince of the Streets,2000,tt0260688
1000+ Movies to Watch Before You Die,false,In the Mood for Love,2000,tt0118694
1000+ Movies to Watch Before You Die,false,"Crouching Tiger, Hidden Dragon",2000,tt0190332
1000+ Movies to Watch Before You Die,true,Gladiator,2000,tt0172495
1000+ Movies to Watch Before You Die,false,Kippur,2000,tt0218379
1000+ Movies to Watch Before You Die,true,Requiem for a Dream,2000,tt0180093
1000+ Movies to Watch Before You Die,false,Amores Perros,2000,tt0245712
1000+ Movies to Watch Before You Die,false,Memento,2000,tt0209144
1000+ Movies to Watch Before You Die,true,Meet the Parents,2000,tt0212338
1000+ Movies to Watch Before You Die,false,Traffic,2000,tt0181865
1000+ Movies to Watch Before You Die,false,Signs & Wonders,2000,tt0230783
1000+ Movies to Watch Before You Die,false,Moulin Rouge!,2001,tt0203009
1000+ Movies to Watch Before You Die,false,The Royal Tenenbaums,2001,tt0265666
1000+ Movies to Watch Before You Die,false,The Piano Teacher,2001,tt0254686
1000+ Movies to Watch Before You Die,false,The Son's Room,2001,tt0208990
1000+ Movies to Watch Before You Die,false,Amélie,2001,tt0211915
1000+ Movies to Watch Before You Die,false,What Time Is It There?,2001,tt0269746
1000+ Movies to Watch Before You Die,false,Kandahar,2001,tt0283431
1000+ Movies to Watch Before You Die,true,Spirited Away,2001,tt0245429
1000+ Movies to Watch Before You Die,true,The Lord of the Rings: The Fellowship of the Ring,2001,tt0120737
1000+ Movies to Watch Before You Die,false,No Man's Land,2001,tt0283509
1000+ Movies to Watch Before You Die,false,Monsoon Wedding,2001,tt0265343
1000+ Movies to Watch Before You Die,false,Fat Girl,2001,tt0243255
1000+ Movies to Watch Before You Die,false,Mulholland Drive,2001,tt0166924
1000+ Movies to Watch Before You Die,false,Lantana,2001,tt0259393
1000+ Movies to Watch Before You Die,false,A.I. Artificial Intelligence,2001,tt0212720
1000+ Movies to Watch Before You Die,false,And Your Mother Too,2001,tt0245574
1000+ Movies to Watch Before You Die,false,City of God,2002,tt0317248
1000+ Movies to Watch Before You Die,false,Irreversible,2002,tt0290673
1000+ Movies to Watch Before You Die,false,Rabbit-Proof Fence,2002,tt0252444
1000+ Movies to Watch Before You Die,false,Chicago,2002,tt0299658
1000+ Movies to Watch Before You Die,false,Far from Heaven,2002,tt0297884
1000+ Movies to Watch Before You Die,false,Adaptation.,2002,tt0268126
1000+ Movies to Watch Before You Die,false,The Pianist,2002,tt0253474
1000+ Movies to Watch Before You Die,false,Bowling for Columbine,2002,tt0310793
1000+ Movies to Watch Before You Die,false,Gangs of New York,2002,tt0217505
1000+ Movies to Watch Before You Die,true,The Lord of the Rings: The Two Towers,2002,tt0167261
1000+ Movies to Watch Before You Die,false,Hero,2002,tt0299977
1000+ Movies to Watch Before You Die,false,Distant,2002,tt0346094
1000+ Movies to Watch Before You Die,false,Russian Ark,2002,tt0318034
1000+ Movies to Watch Before You Die,false,Talk to Her,2002,tt0287467
1000+ Movies to Watch Before You Die,false,Bus 174,2002,tt0340468
1000+ Movies to Watch Before You Die,false,Kill Bill: Vol. 1,2003,tt0266697
1000+ Movies to Watch Before You Die,false,The Barbarian Invasions,2003,tt0338135
1000+ Movies to Watch Before You Die,true,The Lord of the Rings: The Return of the King,2003,tt0167260
1000+ Movies to Watch Before You Die,false,Elephant,2003,tt0363589
1000+ Movies to Watch Before You Die,false,Aileen: Life and Death of a Serial Killer,2003,tt0364930
1000+ Movies to Watch Before You Die,false,Oldboy,2003,tt0364569
1000+ Movies to Watch Before You Die,false,Good Bye Lenin!,2003,tt0301357
1000+ Movies to Watch Before You Die,false,Osama,2003,tt0368913
1000+ Movies to Watch Before You Die,false,The Best of Youth,2003,tt0346336
1000+ Movies to Watch Before You Die,false,Lost in Translation,2003,tt0335266
1000+ Movies to Watch Before You Die,false,Moolaadé,2003,tt0416991
1000+ Movies to Watch Before You Die,false,3-Iron,2004,tt0423866
1000+ Movies to Watch Before You Die,false,Head-On,2004,tt0347048
1000+ Movies to Watch Before You Die,false,The Consequences of Love,2004,tt0398883
1000+ Movies to Watch Before You Die,false,A Very Long Engagement,2004,tt0344510
1000+ Movies to Watch Before You Die,false,Fahrenheit 9/11,2004,tt0361596
1000+ Movies to Watch Before You Die,false,The Passion of the Christ,2004,tt0335345
1000+ Movies to Watch Before You Die,false,Collateral,2004,tt0369339
1000+ Movies to Watch Before You Die,false,The Aviator,2004,tt0338751
1000+ Movies to Watch Before You Die,false,Million Dollar Baby,2004,tt0405159
1000+ Movies to Watch Before You Die,false,Crash,2004,tt0375679
1000+ Movies to Watch Before You Die,false,Sideways,2004,tt0375063
1000+ Movies to Watch Before You Die,false,Downfall,2004,tt0363163
1000+ Movies to Watch Before You Die,false,Brokeback Mountain,2005,tt0388795
1000+ Movies to Watch Before You Die,false,Paradise Now,2005,tt0445620
1000+ Movies to Watch Before You Die,false,Live and Become,2005,tt0388505
1000+ Movies to Watch Before You Die,false,The Constant Gardener,2005,tt0387131
1000+ Movies to Watch Before You Die,false,Caché,2005,tt0387898
1000+ Movies to Watch Before You Die,false,Tsotsi,2005,tt0468565
1000+ Movies to Watch Before You Die,false,Babel,2006,tt0449467
1000+ Movies to Watch Before You Die,false,The Lives of Others,2006,tt0405094
1000+ Movies to Watch Before You Die,false,Pan's Labyrinth,2006,tt0457430
1000+ Movies to Watch Before You Die,false,The Host,2006,tt0468492
1000+ Movies to Watch Before You Die,false,Apocalypto,2006,tt0472043
1000+ Movies to Watch Before You Die,false,The Queen,2006,tt0436697
1000+ Movies to Watch Before You Die,false,The Prestige,2006,tt0482571
1000+ Movies to Watch Before You Die,false,Children of Men,2006,tt0206634
1000+ Movies to Watch Before You Die,false,United 93,2006,tt0475276
1000+ Movies to Watch Before You Die,false,The Last King of Scotland,2006,tt0455590
1000+ Movies to Watch Before You Die,false,Volver,2006,tt0441909
1000+ Movies to Watch Before You Die,false,Little Miss Sunshine,2006,tt0449059
1000+ Movies to Watch Before You Die,false,The Departed,2006,tt0407887
1000+ Movies to Watch Before You Die,false,Borat,2006,tt0443453
1000+ Movies to Watch Before You Die,false,Once,2007,tt0907657
1000+ Movies to Watch Before You Die,false,The Bourne Ultimatum,2007,tt0440963
1000+ Movies to Watch Before You Die,false,Surfwise,2007,tt0479547
1000+ Movies to Watch Before You Die,false,Atonement,2007,tt0783233
1000+ Movies to Watch Before You Die,false,Into the Wild,2007,tt0758758
1000+ Movies to Watch Before You Die,false,La Vie En Rose,2007,tt0450188
1000+ Movies to Watch Before You Die,false,There Will Be Blood,2007,tt0469494
1000+ Movies to Watch Before You Die,false,Paranormal Activity,2007,tt1179904
1000+ Movies to Watch Before You Die,false,The Diving Bell and the Butterfly,2007,tt0401383
1000+ Movies to Watch Before You Die,true,No Country for Old Men,2007,tt0477348
1000+ Movies to Watch Before You Die,false,Slumdog Millionaire,2008,tt1010048
1000+ Movies to Watch Before You Die,false,The Class,2008,tt1068646
1000+ Movies to Watch Before You Die,false,The Dark Knight,2008,tt0468569
1000+ Movies to Watch Before You Die,false,WALL·E,2008,tt0910970
1000+ Movies to Watch Before You Die,false,The Wrestler,2008,tt1125849
1000+ Movies to Watch Before You Die,false,The Curious Case of Benjamin Button,2008,tt0421715
1000+ Movies to Watch Before You Die,false,Anvil,2008,tt1157605
1000+ Movies to Watch Before You Die,false,The Hurt Locker,2008,tt0887912
1000+ Movies to Watch Before You Die,false,Let the Right One In,2008,tt1139797
1000+ Movies to Watch Before You Die,false,The Good the Bad the Weird,2008,tt0901487
1000+ Movies to Watch Before You Die,false,Gomorrah,2008,tt0929425
1000+ Movies to Watch Before You Die,false,An Education,2009,tt1174732
1000+ Movies to Watch Before You Die,false,The White Ribbon,2009,tt1149362
1000+ Movies to Watch Before You Die,true,District 9,2009,tt1136608
1000+ Movies to Watch Before You Die,true,Avatar,2009,tt0499549
1000+ Movies to Watch Before You Die,false,The Hangover,2009,tt1119646
1000+ Movies to Watch Before You Die,false,In the Loop,2009,tt1226774
1000+ Movies to Watch Before You Die,false,Fish Tank,2009,tt1232776
1000+ Movies to Watch Before You Die,true,Inglourious Basterds,2009,tt0361748
1000+ Movies to Watch Before You Die,false,Monsters vs. Aliens,2009,tt0892782
1000+ Movies to Watch Before You Die,false,Precious,2009,tt0929632
1000+ Movies to Watch Before You Die,false,Inception,2010,tt1375666
1000+ Movies to Watch Before You Die,false,Four Lions,2010,tt1341167
1000+ Movies to Watch Before You Die,false,Nostalgia for the Light,2010,tt1556190
1000+ Movies to Watch Before You Die,false,Of Gods and Men,2010,tt1588337
1000+ Movies to Watch Before You Die,false,Toy Story 3,2010,tt0435761
1000+ Movies to Watch Before You Die,false,True Grit,2010,tt1403865
1000+ Movies to Watch Before You Die,false,The King's Speech,2010,tt1504320
1000+ Movies to Watch Before You Die,false,Senna,2010,tt1424432
1000+ Movies to Watch Before You Die,false,Cave of Forgotten Dreams,2010,tt1664894
1000+ Movies to Watch Before You Die,false,Black Swan,2010,tt0947798
1000+ Movies to Watch Before You Die,false,The Social Network,2010,tt1285016
1000+ Movies to Watch Before You Die,false,The Tree of Life,2011,tt0478304
1000+ Movies to Watch Before You Die,false,Le Havre,2011,tt1508675
1000+ Movies to Watch Before You Die,false,A Separation,2011,tt1832382
1000+ Movies to Watch Before You Die,false,The Kid with a Bike,2011,tt1827512
1000+ Movies to Watch Before You Die,false,The Artist,2011,tt1655442
1000+ Movies to Watch Before You Die,false,War Horse,2011,tt1568911
1000+ Movies to Watch Before You Die,false,The Descendants,2011,tt1033575
1000+ Movies to Watch Before You Die,false,Hugo,2011,tt0970179
1000+ Movies to Watch Before You Die,false,Tinker Tailor Soldier Spy,2011,tt1340800
1000+ Movies to Watch Before You Die,false,Bridesmaids,2011,tt1478338
1000+ Movies to Watch Before You Die,true,The Girl with the Dragon Tattoo,2011,tt1568346
1000+ Movies to Watch Before You Die,false,Drive,2011,tt0780504
1000+ Movies to Watch Before You Die,true,The Cabin in the Woods,2011,tt1259521
1000+ Movies to Watch Before You Die,false,Blancanieves,2012,tt1854513
1000+ Movies to Watch Before You Die,false,Life of Pi,2012,tt0454876
1000+ Movies to Watch Before You Die,false,Lincoln,2012,tt0443272
1000+ Movies to Watch Before You Die,false,Wadjda,2012,tt2258858
1000+ Movies to Watch Before You Die,false,Argo,2012,tt1024648
1000+ Movies to Watch Before You Die,true,Skyfall,2012,tt1074638
1000+ Movies to Watch Before You Die,false,The Act of Killing,2012,tt2375605
1000+ Movies to Watch Before You Die,false,Django Unchained,2012,tt1853728
1000+ Movies to Watch Before You Die,false,Amour,2012,tt1602620
1000+ Movies to Watch Before You Die,false,Les Misérables,2012,tt1707386
1000+ Movies to Watch Before You Die,false,Inside Llewyn Davis,2013,tt2042568
1000+ Movies to Watch Before You Die,false,American Hustle,2013,tt1800241
1000+ Movies to Watch Before You Die,false,Ida,2013,tt2718492
1000+ Movies to Watch Before You Die,false,Under the Skin,2013,tt1441395
1000+ Movies to Watch Before You Die,false,The Wolf of Wall Street,2013,tt0993846
1000+ Movies to Watch Before You Die,false,Blue Is the Warmest Colour,2013,tt2278871
1000+ Movies to Watch Before You Die,false,The Great Beauty,2013,tt2358891
1000+ Movies to Watch Before You Die,false,A Touch of Sin,2013,tt2852400
1000+ Movies to Watch Before You Die,false,Gravity,2013,tt1454468
1000+ Movies to Watch Before You Die,true,12 Years a Slave,2013,tt2024544
1000+ Movies to Watch Before You Die,false,Nebraska,2013,tt1821549
1000+ Movies to Watch Before You Die,false,The Grand Budapest Hotel,2014,tt2278388
1000+ Movies to Watch Before You Die,false,Boyhood,2014,tt1065073
1000+ Movies to Watch Before You Die,false,Birdman or (The Unexpected Virtue of Ignorance),2014,tt2562232
1000+ Movies to Watch Before You Die,false,Leviathan,2014,tt2802154
1000+ Movies to Watch Before You Die,false,The Look of Silence,2014,tt3521134
1000+ Movies to Watch Before You Die,false,The Theory of Everything,2014,tt2980516
1000+ Movies to Watch Before You Die,true,Guardians of the Galaxy,2014,tt2015381
1000+ Movies to Watch Before You Die,false,Citizenfour,2014,tt4044364
1000+ Movies to Watch Before You Die,false,Whiplash,2014,tt2582802
1000+ Movies to Watch Before You Die,false,Tangerine,2015,tt3824458
1000+ Movies to Watch Before You Die,false,Spotlight,2015,tt1895587
1000+ Movies to Watch Before You Die,false,Straight Outta Compton,2015,tt1398426
1000+ Movies to Watch Before You Die,false,Mad Max: Fury Road,2015,tt1392190
1000+ Movies to Watch Before You Die,false,Victoria,2015,tt4226388
1000+ Movies to Watch Before You Die,false,Son of Saul,2015,tt3808342
1000+ Movies to Watch Before You Die,true,Star Wars: Episode VII - The Force Awakens,2015,tt2488496
1000+ Movies to Watch Before You Die,true,The Revenant,2015,tt1663202
1000+ Movies to Watch Before You Die,false,Bridge of Spies,2015,tt3682448
1000+ Movies to Watch Before You Die,false,The Big Short,2015,tt1596363
1000+ Movies to Watch Before You Die,false,Manchester by the Sea,2016,tt4034228
1000+ Movies to Watch Before You Die,true,La La Land,2016,tt3783958
1000+ Movies to Watch Before You Die,false,Hell or High Water,2016,tt2582782
1000+ Movies to Watch Before You Die,false,Jackie,2016,tt1619029
1000+ Movies to Watch Before You Die,false,Toni Erdmann,2016,tt4048272
1000+ Movies to Watch Before You Die,false,Under the Shadow,2016,tt4273292
1000+ Movies to Watch Before You Die,false,"I, Daniel Blake",2016,tt5168192
1000+ Movies to Watch Before You Die,false,Arrival,2016,tt2543164
1000+ Movies to Watch Before You Die,false,Moonlight,2016,tt4975722
1000+ Movies to Watch Before You Die,false,The Handmaiden,2016,tt4016934
1000+ Movies to Watch Before You Die,false,Dawson City: Frozen Time,2016,tt5215486
1000+ Movies to Watch Before You Die,true,Lady Macbeth,2016,tt4291600
1000+ Movies to Watch Before You Die,false,13th,2016,tt5895028
1000+ Movies to Watch Before You Die,false,Mother!,2017,tt5109784
1000+ Movies to Watch Before You Die,false,Call Me by Your Name,2017,tt5726616
1000+ Movies to Watch Before You Die,false,Lady Bird,2017,tt4925292
1000+ Movies to Watch Before You Die,true,The Shape of Water,2017,tt5580390
1000+ Movies to Watch Before You Die,false,The Greatest Showman,2017,tt1485796
1000+ Movies to Watch Before You Die,false,Phantom Thread,2017,tt5776858
1000+ Movies to Watch Before You Die,true,Get Out,2017,tt5052448
1000+ Movies to Watch Before You Die,true,Blade Runner 2049,2017,tt1856101
1000+ Movies to Watch Before You Die,false,"Three Billboards Outside Ebbing, Missouri",2017,tt5027774
1000+ Movies to Watch Before You Die,false,Crazy Rich Asians,2018,tt3104988
1000+ Movies to Watch Before You Die,true,Black Panther,2018,tt1825683
1000+ Movies to Watch Before You Die,true,Hereditary,2018,tt7784604
1000+ Movies to Watch Before You Die,false,The Favourite,2018,tt5083738
1000+ Movies to Watch Before You Die,false,Sorry to Bother You,2018,tt5688932
1000+ Movies to Watch Before You Die,false,Vice,2018,tt6266538
1000+ Movies to Watch Before You Die,false,BlacKkKlansman,2018,tt7349662
1000+ Movies to Watch Before You Die,true,Roma,2018,tt6155172
1000+ Movies to Watch Before You Die,true,Avengers: Infinity War,2018,tt4154756
1000+ Movies to Watch Before You Die,false,A Star Is Born,2018,tt1517451
1000+ Movies to Watch Before You Die,false,Capernaum,2018,tt8267604
1000+ Movies to Watch Before You Die,true,Parasite,2019,tt6751668
1000+ Movies to Watch Before You Die,true,Avengers: Endgame,2019,tt4154796
1000+ Movies to Watch Before You Die,true,Toy Story 4,2019,tt1979376
1000+ Movies to Watch Before You Die,false,Portrait of a Lady on Fire,2019,tt8613070
1000+ Movies to Watch Before You Die,false,The Lighthouse,2019,tt7984734
1000+ Movies to Watch Before You Die,false,Little Women,2019,tt3281548
1000+ Movies to Watch Before You Die,false,Monos,2019,tt6062774
1000+ Movies to Watch Before You Die,false,Booksmart,2019,tt1489887
1000+ Movies to Watch Before You Die,true,Once Upon a Time... in Hollywood,2019,tt7131622
1000+ Movies to Watch Before You Die,false,The Farewell,2019,tt8637428
1000+ Movies to Watch Before You Die,true,Joker,2019,tt7286456
1000+ Movies to Watch Before You Die,false,For Sama,2019,tt9617456
